Taken,Rank,Name,Position,ProjectPointsAverage,ProjectedVBDAverage,PointsAverage,VBDAverage,BestPointsYear,BestVBDYear,Points_2016,VBD_2016,Team_2016,Points_2015,VBD_2015,Team_2015,Points_2014,VBD_2014,Team_2014,Points_2013,VBD_2013,Team_2013 
,1,Antonio Brown,WR,249.440,122.443,245.500,122.200,2014 PIT,2014 PIT,258.42,125.270,Pit,250,126,PIT,252,129,PIT,199,79,PIT
,6,Devonta Freeman,RB,179.455,67.556,162.900,72.000,2015 ATL,2015 ATL,205.25,57.780,Atl,243,120,ATL,57,,ATL,,,
,2,Julio Jones,WR,212.401,89.484,207.000,88.800,2015 ATL,2015 ATL,226.16,93.010,Atl,237,113,ATL,193,70,ATL,69,,ATL
,4,Adrian Peterson,RB,193.533,78.774,161.700,71.900,2015 MIN,2015 MIN,231.56,84.090,Min,231,107,MIN,9,,MIN,204,77,MIN
,8,Cam Newton,QB,345.625,65.542,339.100,67.300,2015 CAR,2015 CAR,350.96,58.690,Car,391,106,CAR,249,,CAR,298,37,CAR
,7,Brandon Marshall,WR,191.886,65.689,194.000,72.200,2015 NYJ,2015 NYJ,181.91,48.760,NYJ,230,106,NYJ,118,,CHI,206,86,CHI
,12,Allen Robinson,WR,163.234,54.477,155.100,60.000,2015 JAX,2015 JAX,176.51,43.360,Jax,224,100,JAX,69,,JAX,,,
,3,Odell Beckham,WR,197.750,80.353,195.000,83.700,2015 NYG,2015 NYG,211.50,78.350,NYG,223,99,NYG,204,81,NYG,,,
,5,Rob Gronkowski,TE,171.341,78.625,173.900,85.800,2015 NWE,2015 NWE,171.95,71.330,NE,184,96,NWE,184,94,NWE,83,,NWE
,9,DeAndre Hopkins,WR,188.796,64.199,187.500,67.200,2015 HOU,2015 HOU,192.62,59.470,Hou,220,96,HOU,155,32,HOU,90,,HOU
,19,Doug Martin,RB,163.336,45.197,145.400,45.600,2015 TAM,2015 TAM,190.41,42.940,TB,199,76,TAM,68,,TAM,56,,TAM
,36,Gary Barnidge,TE,106.700,30.845,102.100,42.600,2015 CLE,2015 CLE,110.79,10.170,Cle,158,71,CLE,16,,CLE,25,,CLE
,20,Jordan Reed,TE,127.678,43.423,114.900,42.000,2015 WAS,2015 WAS,144.89,44.270,Was,157,70,WAS,45,,WAS,72,,WAS
,42,DeAngelo Williams,RB,131.217,26.720,135.600,41.900,2015 PIT,2015 PIT,115.15,0.000,Pit,191,68,PIT,24,,CAR,138,11,CAR
,43,Doug Baldwin,WR,148.604,25.927,155.900,40.200,2015 SEA,2015 SEA,134.38,1.230,Sea,191,67,SEA,101,,SEA,110,,SEA
,13,Todd Gurley,RB,156.818,54.040,113.400,39.600,2015 STL,2015 STL,223.68,76.210,LA,189,66,STL,,,,,,
,14,A.J. Green,WR,180.448,53.071,174.500,50.600,2013 CIN,2013 CIN,185.60,52.450,Cin,188,63,CIN,136,13,CIN,209,89,CIN
,18,Greg Olsen,TE,140.386,47.250,142.900,54.400,2015 CAR,2015 CAR,136.91,36.290,Car,150,63,CAR,137,47,CAR,118,25,CAR
,29,Delanie Walker,TE,127.318,34.183,133.200,44.700,2015 TEN,2015 TEN,117.89,17.270,Ten,150,63,TEN,113,23,TEN,93,,TEN
,11,Lamar Miller,RB,186.617,56.958,176.300,57.000,2015 MIA,2014 MIA,207.57,60.100,Hou,185,62,MIA,185,66,MIA,98,,MIA
,21,Russell Wilson,QB,326.163,43.360,333.200,56.300,2015 SEA,2014 SEA,317.27,25.000,Sea,344,59,SEA,332,66,SEA,272,11,SEA
,47,Tom Brady,QB,285.858,24.660,315.600,39.600,2015 NWE,2015 NWE,237.31,0.000,NE,344,59,NWE,280,14,NWE,252,,NWE
,56,Tyler Eifert,TE,89.784,19.760,90.900,31.200,2015 CIN,2015 CIN,82.59,0.000,Cin,140,52,CIN,4,,CIN,57,,CIN
,16,David Johnson,RB,153.452,50.673,104.400,30.600,2015 ARI,2015 ARI,229.82,82.350,Ari,174,51,ARI,,,,,,
,52,Chris Ivory,RB,141.347,21.020,154.200,33.900,2015 NYJ,2015 NYJ,121.07,0.000,Jax,173,49,NYJ,134,15,NYJ,102,,NYJ
,10,Matt Forte,RB,190.212,57.773,203.800,80.800,2013 CHI,2013 CHI,168.61,21.140,NYJ,173,49,CHI,245,125,CHI,265,139,CHI
,34,Calvin Johnson,WR,108.380,31.820,172.700,49.100,2013 DET,2013 DET,,,,173,49,DET,156,32,DET,221,101,DET
,31,Eric Decker,WR,160.244,32.867,160.900,37.000,2013 DEN,2013 DEN,155.01,21.860,NYJ,173,48,NYJ,126,3,NYJ,193,73,DEN
,44,Larry Fitzgerald,WR,147.963,25.866,145.800,31.800,2015 ARI,2015 ARI,146.64,13.490,Ari,172,47,ARI,90,,ARI,156,36,ARI
,37,Brandin Cooks,WR,140.828,28.971,127.800,27.000,2015 NOR,2015 NOR,164.39,31.240,NO,170,45,NOR,86,,NOR,,,
,57,Latavius Murray,RB,133.328,19.509,119.100,24.600,2015 OAK,2015 OAK,157.81,10.340,Oak,164,41,OAK,69,,OAK,,,
,23,Demaryius Thomas,WR,166.574,41.040,190.300,67.000,2014 DEN,2013 DEN,129.30,0.000,Den,164,40,DEN,230,107,DEN,229,109,DEN
,62,Danny Woodhead,RB,125.451,16.880,114.600,26.100,2015 SDG,2015 SDG,133.24,0.000,SD,163,40,SDG,7,,SDG,147,21,SDG
,65,Blake Bortles,QB,262.870,15.667,246.600,23.400,2015 JAX,2015 JAX,294.50,2.230,Jax,324,39,JAX,174,,JAX,,,
,66,Allen Hurns,WR,126.266,14.820,129.000,23.400,2015 JAX,2015 JAX,125.49,0.000,Jax,163,39,JAX,104,,JAX,,,
,49,Frank Gore,RB,151.566,22.080,157.300,34.900,2013 SFO,2013 SFO,140.70,0.000,Ind,159,36,IND,148,28,SFO,175,49,SFO
,46,Jarvis Landry,WR,138.720,25.483,124.500,21.000,2015 MIA,2015 MIA,165.21,32.060,Mia,159,35,MIA,97,,MIA,,,
,40,Sammy Watkins,WR,145.848,28.071,135.300,23.400,2015 BUF,2015 BUF,168.81,35.660,Buf,159,34,BUF,133,10,BUF,,,
,48,Jeremy Hill,RB,141.323,23.320,149.400,39.900,2014 CIN,2014 CIN,137.43,0.000,Cin,157,34,CIN,184,65,CIN,,,
,72,Darren McFadden,RB,93.298,12.160,127.200,19.200,2015 DAL,2015 DAL,36.68,0.000,Dal,156,32,DAL,85,,OAK,81,,OAK
,38,Jeremy Maclin,WR,146.335,28.938,151.200,39.900,2014 PHI,2014 PHI,148.25,15.100,KC,156,32,KAN,192,69,PHI,,,
,54,Travis Kelce,TE,106.091,20.015,103.800,24.000,2015 KAN,2015 KAN,114.87,14.250,KC,118,30,KAN,110,20,KAN,,,KAN
,27,Mark Ingram,RB,163.343,37.284,146.000,31.200,2014 NOR,2014 NOR,197.06,49.590,NO,153,30,NOR,163,44,NOR,53,,NOR
,77,Ben Watson,TE,51.740,11.020,82.100,17.400,2015 NOR,2015 NOR,,,,117,29,NOR,28,,NOR,35,,NOR
,81,Carson Palmer,QB,264.430,10.427,239.300,14.400,2015 ARI,2015 ARI,295.71,3.440,Ari,309,24,ARI,106,,ARI,221,,ARI
,51,Emmanuel Sanders,WR,139.940,21.600,160.800,37.800,2014 DEN,2014 DEN,111.00,0.000,Den,148,24,DEN,201,78,DEN,117,,PIT
,63,Jonathan Stewart,RB,139.786,16.208,126.700,15.000,2015 CAR,2015 CAR,165.28,17.810,Car,147,24,CAR,121,2,CAR,22,,CAR
,17,LeSean McCoy,RB,181.658,49.299,167.400,44.600,2013 PHI,2013 PHI,200.31,52.840,Buf,147,23,BUF,171,52,PHI,279,152,PHI
,86,Michael Crabtree,WR,124.107,8.630,119.200,13.200,2015 OAK,2015 OAK,133.86,0.710,Oak,146,22,OAK,94,,SFO,34,,SFO
,75,Jordan Matthews,WR,128.950,11.173,128.100,16.200,2015 PHI,2015 PHI,136.50,3.350,Phi,146,21,PHI,135,12,PHI,,,
,35,Drew Brees,QB,314.450,31.647,310.900,34.000,2013 NOR,2013 NOR,317.71,25.440,NO,306,21,NOR,305,39,NOR,358,97,NOR
,32,Aaron Rodgers,QB,308.300,32.858,307.500,39.900,2014 GNB,2014 GNB,319.58,27.310,GB,305,20,GNB,358,93,GNB,171,,GNB
,74,John Brown,WR,125.504,11.567,115.500,10.800,2015 ARI,2015 ARI,145.59,12.440,Ari,143,18,ARI,99,,ARI,,,
,45,T.Y. Hilton,WR,152.753,25.596,152.800,29.200,2014 IND,2014 IND,155.35,22.200,Ind,142,18,IND,179,55,IND,139,19,IND
,24,DeMarco Murray,RB,170.482,40.780,192.700,70.600,2014 DAL,2014 DAL,141.69,0.000,Ten,140,17,PHI,294,175,DAL,205,79,DAL
,91,James Jones,WR,77.740,6.460,124.900,10.200,2015 GNB,2015 GNB,,,,141,17,GNB,101,,OAK,100,,GNB
,64,Amari Cooper,WR,114.065,15.968,84.600,9.600,2015 OAK,2015 OAK,159.17,26.020,Oak,141,16,OAK,,,,,,
,93,Tavon Austin,WR,112.939,6.080,110.800,9.600,2015 STL,2015 STL,113.47,0.000,LA,141,16,STL,59,,STL,85,,STL
,94,Ted Ginn,WR,91.150,6.080,98.900,9.600,2015 CAR,2015 CAR,72.71,0.000,Car,140,16,CAR,20,,ARI,89,,CAR
,96,Richard Rodgers,TE,56.098,5.700,71.700,9.000,2015 GNB,2015 GNB,30.89,0.000,GB,102,15,GNB,35,,GNB,,,
,102,Ronnie Hillman,RB,77.370,5.320,110.300,8.400,2015 DEN,2015 DEN,24.50,0.000,Den,137,14,DEN,81,,DEN,38,,DEN
,92,Rashad Jennings,RB,136.750,6.371,128.200,9.000,2013 OAK,2015 NYG,148.71,1.240,NYG,136,13,NYG,109,,NYG,139,12,OAK
,39,Mike Evans,WR,145.968,28.191,135.300,23.400,2014 TAM,2014 TAM,172.60,39.450,TB,137,12,TAM,177,54,TAM,,,
,111,Kirk Cousins,QB,240.123,3.800,207.000,6.000,2015 WAS,2015 WAS,292.27,0.000,Was,295,10,WAS,88,,WAS,36,,WAS
,78,Giovani Bernard,RB,140.216,10.860,139.400,17.300,2013 CIN,2013 CIN,140.78,0.000,Cin,132,9,CIN,145,26,CIN,167,41,CIN
,90,Zach Ertz,TE,97.599,6.703,90.100,4.800,2015 PHI,2015 PHI,110.26,9.640,Phi,95,8,PHI,86,,PHI,73,,PHI
,97,Matthew Stafford,QB,286.515,5.633,279.900,6.600,2015 DET,2013 DET,295.04,2.770,Det,292,7,DET,254,,DET,285,24,DET
,121,Charles Sims,RB,99.828,2.280,90.000,3.600,2015 TAM,2015 TAM,116.02,0.000,TB,129,6,TAM,42,,TAM,,,
,68,Antonio Gates,TE,107.802,14.666,112.700,24.200,2014 SDG,2014 SDG,103.32,2.700,SD,93,6,SDG,154,64,SDG,107,14,SDG
,128,Jeremy Langford,RB,104.679,1.520,76.800,2.400,2015 CHI,2015 CHI,147.47,0.000,Chi,128,4,CHI,,,,,,
,135,Travis Benjamin,WR,100.670,1.140,93.400,1.800,2015 CLE,2015 CLE,112.71,0.000,SD,128,3,CLE,51,,CLE,13,,CLE
,136,Rueben Randle,WR,74.160,1.140,119.900,1.800,2015 NYG,2015 NYG,,,,128,3,NYG,112,,NYG,95,,NYG
,99,Eli Manning,QB,281.289,5.386,270.800,2.400,2015 NYG,2014 NYG,302.76,10.490,NYG,288,2,NYG,270,4,NYG,170,,NYG
,119,Philip Rivers,QB,285.209,2.540,280.100,3.300,2013 SDG,2013 SDG,292.13,0.000,SD,286,1,SDG,266,,SDG,287,27,SDG
,916,Richie Brockel,,-0.080,0.000,-0.100,0.000,2015 CAR,2015 CAR,,,,,,CAR,,,CAR,-1,,CAR
,170,James Starks,RB,94.082,0.000,99.700,0.000,2015 GNB,2015 GNB,82.48,0.000,GB,123,,GNB,59,,GNB,82,,GNB
,177,Kamar Aiken,WR,86.384,0.000,87.900,0.000,2015 BAL,2015 BAL,84.38,0.000,Bal,124,,BAL,45,,BAL,,,
,150,Ryan Fitzpatrick,QB,257.092,0.000,241.700,0.000,2015 NYJ,2015 NYJ,280.61,0.000,NYJ,285,,NYJ,180,,HOU,167,,TEN
,154,Jameis Winston,QB,212.086,0.000,167.400,0.000,2015 TAM,2015 TAM,279.12,0.000,TB,279,,TAM,,,,,,
,155,Tyrod Taylor,QB,210.734,0.000,165.500,0.000,2015 BUF,2015 BUF,278.51,0.000,Buf,275,,BUF,,,BAL,5,,BAL
,149,Alex Smith,QB,259.612,0.000,256.300,0.000,2015 KAN,2015 KAN,262.61,0.000,KC,273,,KAN,224,,KAN,253,,KAN
,151,Derek Carr,QB,243.786,0.000,221.400,0.000,2015 OAK,2015 OAK,287.70,0.000,Oak,273,,OAK,192,,OAK,,,
,122,Ryan Tannehill,QB,265.685,2.080,263.100,3.900,2014 MIA,2014 MIA,272.17,0.000,Mia,259,,MIA,279,13,MIA,240,,MIA
,110,Andy Dalton,QB,264.632,3.969,242.900,2.900,2013 CIN,2013 CIN,296.61,4.340,Cin,244,,CIN,225,,CIN,290,29,CIN
,117,Matt Ryan,QB,258.734,3.040,251.600,5.700,2014 ATL,2014 ATL,273.09,0.000,Atl,236,,ATL,284,19,ATL,248,,ATL
,67,Ben Roethlisberger,QB,278.009,14.747,259.500,13.500,2014 PIT,2014 PIT,312.13,19.860,Pit,234,,PIT,310,45,PIT,261,,PIT
,152,Jay Cutler,QB,242.504,0.000,231.700,0.000,2014 CHI,2015 CHI,264.80,0.000,Chi,230,,CHI,256,,CHI,169,,CHI
,156,Marcus Mariota,QB,184.285,0.000,126.000,0.000,2015 TEN,2015 TEN,274.96,0.000,Ten,210,,TEN,,,,,,
,162,Teddy Bridgewater,QB,104.800,0.000,174.000,0.000,2015 MIN,2015 MIN,,,,200,,MIN,180,,MIN,,,
,157,Sam Bradford,QB,171.130,0.000,128.900,0.000,2015 PHI,2015 PHI,230.29,0.000,Phi,195,,PHI,,,,119,,STL
,168,Brian Hoyer,QB,94.464,0.000,153.100,0.000,2015 HOU,2015 HOU,4.22,0.000,Chi,169,,HOU,159,,CLE,40,,CLE
,153,Joe Flacco,QB,219.634,0.000,199.000,0.000,2014 BAL,2015 BAL,257.88,0.000,Bal,166,,BAL,262,,BAL,208,,BAL
,164,Josh McCown,QB,99.790,0.000,133.300,0.000,2015 CLE,2015 CLE,44.50,0.000,Cle,136,,CLE,127,,TAM,136,,CHI
,41,Andrew Luck,QB,252.431,27.388,216.300,30.600,2014 IND,2014 IND,318.87,26.600,Ind,133,,IND,356,90,IND,297,36,IND
,159,Blaine Gabbert,QB,140.225,0.000,81.000,0.000,2015 SFO,2015 SFO,233.96,0.000,SF,130,,SFO,6,,SFO,12,,JAX
,53,Randall Cobb,WR,144.021,20.624,142.500,23.700,2014 GNB,2014 GNB,154.16,21.010,GB,124,,GNB,202,79,GNB,75,,GNB
,69,Golden Tate,WR,139.663,13.806,133.500,12.000,2014 DET,2014 DET,152.43,19.280,Det,121,,DET,162,39,DET,123,3,SEA
,134,Michael Floyd,WR,126.337,1.280,121.600,1.600,2013 ARI,2013 ARI,133.15,0.000,Ari,121,,ARI,118,,ARI,136,16,ARI
,26,Eddie Lacy,RB,169.720,38.342,162.700,41.400,2014 GNB,2014 GNB,184.58,37.110,GB,121,,GNB,231,111,GNB,208,81,GNB
,116,Thomas Rawls,RB,105.218,3.200,72.600,0.000,2015 SEA,2015 SEA,155.89,8.420,Sea,121,,SEA,,,,,,
,199,Martavis Bryant,WR,62.240,0.000,103.200,0.000,2015 PIT,2015 PIT,,,,120,,PIT,104,,PIT,,,
,169,T.J. Yeldon,RB,94.251,0.000,72.000,0.000,2015 JAX,2015 JAX,128.03,0.000,Jax,120,,JAX,,,,,,
,158,Brock Osweiler,QB,149.035,0.000,73.600,0.000,2015 DEN,2015 DEN,269.83,0.000,Hou,119,,DEN,6,,DEN,4,,DEN
,161,Isaiah Crowell,RB,107.817,0.000,105.300,0.000,2015 CLE,2015 CLE,117.15,0.000,Cle,119,,CLE,113,,CLE,,,
,126,LeGarrette Blount,RB,125.957,1.858,108.500,0.000,2013 NWE,2015 NWE,152.36,4.890,NE,117,,NWE,88,,2TM,119,,NWE
,112,Pierre Garcon,WR,108.002,3.760,114.200,4.700,2013 WAS,2013 WAS,93.90,0.000,Was,116,,WAS,93,,WAS,167,47,WAS
,60,C.J. Anderson,RB,137.958,18.480,123.100,17.400,2014 DEN,2014 DEN,171.68,24.210,Den,116,,DEN,177,58,DEN,4,,DEN
,175,Willie Snead,WR,89.038,0.000,69.600,0.000,2015 NOR,2015 NOR,118.31,0.000,NO,116,,NOR,,,,,,
,206,Charcandrick West,RB,58.588,0.000,67.800,0.000,2015 KAN,2015 KAN,41.18,0.000,KC,113,,KAN,,,,,,
,248,Karlos Williams,RB,42.940,0.000,67.800,0.000,2015 BUF,2015 BUF,,,,113,,BUF,,,,,,
,83,Julian Edelman,WR,132.881,10.284,121.800,5.400,2013 NWE,2013 NWE,150.74,17.590,NE,112,,NWE,133,9,NWE,147,27,NWE
,146,Colin Kaepernick,QB,118.143,0.240,168.900,0.300,2013 SFO,2013 SFO,37.64,0.000,SF,112,,SFO,251,,SFO,264,3,SFO
,130,Marvin Jones,WR,99.633,1.440,79.200,1.800,2013 CIN,2013 CIN,124.14,0.000,Det,109,,CIN,,,,138,18,CIN
,171,Markus Wheaton,WR,93.714,0.000,89.400,0.000,2015 PIT,2015 PIT,103.51,0.000,Pit,109,,PIT,78,,PIT,6,,PIT
,106,Donte Moncrief,WR,106.935,4.678,84.600,0.000,2015 IND,2015 IND,145.46,12.310,Ind,109,,IND,64,,IND,,,
,87,Ryan Mathews,RB,123.651,8.353,98.800,5.800,2013 SDG,2013 SDG,157.24,9.770,Phi,105,,PHI,58,,SDG,184,58,SDG
,30,Alshon Jeffery,WR,153.238,33.301,135.600,23.400,2013 CHI,2013 CHI,182.68,49.530,Chi,105,,CHI,177,53,CHI,195,75,CHI
,100,Anquan Boldin,WR,101.893,5.360,119.000,8.000,2013 SFO,2013 SFO,73.56,0.000,Det,103,,SFO,137,13,SFO,161,41,SFO
,172,Duke Johnson,RB,91.572,0.000,61.800,0.000,2015 CLE,2015 CLE,137.98,0.000,Cle,103,,CLE,,,,,,
,165,Terrance Williams,WR,99.184,0.000,104.400,0.000,2014 DAL,2015 DAL,91.22,0.000,Dal,102,,DAL,110,,DAL,102,,DAL
,178,Tyler Lockett,WR,86.237,0.000,61.200,0.000,2015 SEA,2015 SEA,124.94,0.000,Sea,102,,SEA,,,,,,
,95,Chris Johnson,RB,87.396,5.760,107.700,7.200,2013 TEN,2013 TEN,48.99,0.000,Ari,101,,ARI,91,,NYJ,198,72,TEN
,184,Jermaine Kearse,WR,79.620,0.000,85.500,0.000,2015 SEA,2015 SEA,69.58,0.000,Sea,101,,SEA,64,,SEA,57,,SEA
,196,Javorius Allen,RB,63.414,0.000,60.600,0.000,2015 BAL,2015 BAL,65.88,0.000,Bal,101,,BAL,,,,,,
,163,Shane Vereen,RB,100.882,0.000,103.400,0.000,2014 NWE,2015 NYG,98.11,0.000,NYG,100,,NYG,114,,NWE,92,,NWE
,174,Theo Riddick,RB,89.201,0.000,78.800,0.000,2015 DET,2015 DET,107.74,0.000,Det,99,,DET,61,,DET,11,,DET
,71,Keenan Allen,WR,124.975,12.238,102.500,2.900,2013 SDG,2013 SDG,159.25,26.100,SD,97,,SDG,98,,SDG,149,29,SDG
,193,Alfred Blue,RB,66.970,0.000,82.800,0.000,2015 HOU,2015 HOU,44.71,0.000,Hou,97,,HOU,82,,HOU,,,
,187,Stefon Diggs,WR,76.209,0.000,58.200,0.000,2015 MIN,2015 MIN,103.55,0.000,Min,97,,MIN,,,,,,
,142,Nick Foles,QB,76.800,0.400,119.900,0.500,2013 PHI,2013 PHI,,,,96,,STL,119,,PHI,266,5,PHI
,55,Peyton Manning,QB,119.300,19.760,192.300,29.400,2013 DEN,2013 DEN,,,,95,,DEN,313,47,DEN,414,153,DEN
,166,Darren Sproles,RB,97.301,0.000,99.000,0.000,2014 PHI,2015 PHI,94.95,0.000,Phi,95,,PHI,106,,PHI,102,,NOR
,261,Johnny Manziel,QB,38.020,0.000,60.600,0.000,2015 CLE,2015 CLE,,,,95,,CLE,12,,CLE,,,
,148,Matt Jones,RB,92.268,0.129,57.000,0.000,2015 WAS,2015 WAS,147.81,0.340,Was,95,,WAS,,,,,,
,70,Justin Forsett,RB,115.125,13.760,118.400,25.800,2014 BAL,2014 BAL,121.33,0.000,Bal,93,,BAL,205,86,BAL,11,,JAX
,107,Torrey Smith,WR,114.070,4.560,112.000,7.600,2014 BAL,2014 BAL,118.71,0.000,SF,92,,SFO,143,19,BAL,139,19,BAL
,180,Ameer Abdullah,RB,85.074,0.000,55.200,0.000,2015 DET,2015 DET,131.88,0.000,Det,92,,DET,,,,,,
,266,Matt Hasselbeck,QB,37.540,0.000,60.000,0.000,2015 IND,2015 IND,,,,91,,IND,17,,IND,3,,IND
,176,Rishard Matthews,WR,87.422,0.000,68.100,0.000,2015 MIA,2015 MIA,116.11,0.000,Ten,91,,MIA,26,,MIA,57,,MIA
,272,Antonio Andrews,RB,36.135,0.000,54.900,0.000,2015 TEN,2015 TEN,3.67,0.000,Ten,91,,TEN,1,,TEN,,,
,207,Nate Washington,WR,55.320,0.000,88.100,0.000,2013 TEN,2015 HOU,,,,90,,HOU,77,,TEN,110,,TEN
,181,Bilal Powell,RB,83.469,0.000,71.900,0.000,2013 NYJ,2015 NYJ,97.55,0.000,NYJ,88,,NYJ,29,,NYJ,104,,NYJ
,104,Jason Witten,TE,97.970,4.834,95.500,7.000,2013 DAL,2013 DAL,100.71,0.090,Dal,87,,DAL,100,10,DAL,133,40,DAL
,73,Alfred Morris,RB,92.898,11.760,120.400,19.900,2014 WAS,2014 WAS,49.89,0.000,Dal,87,,WAS,171,52,WAS,169,43,WAS
,25,Le'Veon Bell,RB,159.145,40.767,155.800,55.000,2014 PIT,2014 PIT,174.33,26.860,Pit,87,,PIT,288,168,PIT,172,46,PIT
,80,Joique Bell,RB,72.360,10.480,117.800,17.800,2014 DET,2014 DET,,,,86,,DET,166,47,DET,164,37,DET
,186,Kenny Britt,WR,76.344,0.000,80.800,0.000,2014 STL,2015 STL,73.22,0.000,LA,86,,STL,94,,STL,10,,TEN
,118,Steve Smith,WR,104.869,2.720,103.200,5.100,2014 BAL,2014 BAL,110.76,0.000,Bal,85,,BAL,141,17,BAL,99,,CAR
,209,Dion Lewis,RB,54.526,0.000,50.400,0.000,2015 NWE,2015 NWE,59.49,0.000,NE,84,,NWE,,,,,,
,188,Eric Ebron,TE,71.449,0.000,59.700,0.000,2015 DET,2015 DET,90.97,0.000,Det,84,,DET,31,,DET,,,
,224,Danny Amendola,WR,49.277,0.000,65.100,0.000,2015 NWE,2015 NWE,19.94,0.000,NE,83,,NWE,26,,NWE,75,,NWE
,194,James White,RB,66.350,0.000,51.600,0.000,2015 NWE,2015 NWE,89.08,0.000,NE,83,,NWE,6,,NWE,,,
,217,Dorial Green-Beckham,WR,51.471,0.000,48.600,0.000,2015 TEN,2015 TEN,54.45,0.000,Phi,81,,TEN,,,,,,
,15,Jamaal Charles,RB,166.639,51.080,141.800,45.500,2013 KAN,2013 KAN,205.26,57.790,KC,80,,KAN,210,91,KAN,308,182,KAN
,192,Kyle Rudolph,TE,67.364,0.000,63.400,0.000,2015 MIN,2015 MIN,72.22,0.000,Min,80,,MIN,35,,MIN,49,,MIN
,190,Cole Beasley,WR,69.787,0.000,71.500,0.000,2015 DAL,2015 DAL,67.23,0.000,Dal,80,,DAL,62,,DAL,49,,DAL
,210,Seth Roberts,WR,54.142,0.000,48.000,0.000,2015 OAK,2015 OAK,62.48,0.000,Oak,80,,OAK,,,,,,
,144,Marques Colston,WR,58.440,0.320,94.600,0.400,2013 NOR,2013 NOR,,,,78,,NOR,118,,NOR,124,4,NOR
,76,Julius Thomas,TE,100.847,11.131,98.200,15.100,2013 DEN,2013 DEN,104.65,4.030,Jax,78,,JAX,121,31,DEN,151,58,DEN
,216,Spencer Ware,RB,51.665,0.000,46.300,0.000,2015 KAN,2015 KAN,58.75,0.000,KC,77,,KAN,,,,1,,SEA
,109,Andre Johnson,WR,65.779,4.080,94.500,5.100,2013 HOU,2013 HOU,16.47,0.000,Ten,76,,IND,106,,HOU,171,51,HOU
,58,Jimmy Graham,TE,107.376,18.720,110.300,28.900,2013 NOR,2013 NOR,100.62,0.000,Sea,75,,SEA,145,55,NOR,218,124,NOR
,79,DeSean Jackson,WR,112.010,10.560,110.300,16.200,2013 PHI,2013 PHI,114.71,0.000,Was,75,,WAS,154,30,WAS,191,72,PHI
,201,Jamison Crowder,WR,60.815,0.000,45.000,0.000,2015 WAS,2015 WAS,85.04,0.000,Was,75,,WAS,,,,,,
,195,Devin Funchess,WR,64.782,0.000,45.000,0.000,2015 CAR,2015 CAR,95.48,0.000,Car,75,,CAR,,,,,,
,127,Melvin Gordon,RB,86.127,1.588,45.000,0.000,2015 SDG,2015 SDG,151.65,4.180,SD,75,,SDG,,,,,,
,229,Tim Hightower,RB,48.651,0.000,44.400,0.000,2015 NOR,2015 NOR,54.03,0.000,NO,74,,NOR,,,,,,
,113,Vincent Jackson,WR,105.873,3.600,93.800,4.500,2013 TAM,2013 TAM,123.77,0.000,TB,74,,TAM,110,,TAM,164,45,TAM
,197,Zach Miller,TE,63.217,0.000,44.400,0.000,2015 CHI,2015 CHI,92.36,0.000,Chi,74,,CHI,,,,,,
,232,Corey Brown,WR,48.055,0.000,58.500,0.000,2015 CAR,2015 CAR,32.83,0.000,Car,73,,CAR,49,,CAR,,,
,231,Malcom Floyd,WR,48.080,0.000,81.300,0.000,2014 SDG,2015 SDG,,,,72,,SDG,122,,SDG,15,,SDG
,208,Jacob Tamme,TE,54.938,0.000,51.900,0.000,2015 ATL,2015 ATL,58.68,0.000,Atl,72,,ATL,21,,DEN,24,,DEN
,305,Ryan Mallett,QB,30.180,0.000,48.600,0.000,2015 2TM,2015 2TM,,,,71,,2TM,20,,HOU,,,
,123,Charles Clay,TE,85.153,2.080,78.200,2.600,2013 MIA,2013 MIA,94.77,0.000,Buf,71,,BUF,79,,MIA,119,26,MIA
,230,Ladarius Green,TE,48.106,0.000,55.100,0.000,2015 SDG,2015 SDG,34.12,0.000,Pit,71,,SDG,23,,SDG,56,,SDG
,183,Robert Woods,WR,80.418,0.000,80.600,0.000,2014 BUF,2015 BUF,81.68,0.000,Buf,71,,BUF,100,,BUF,80,,BUF
,250,Owen Daniels,TE,42.360,0.000,69.400,0.000,2014 BAL,2015 DEN,,,,70,,DEN,77,,BAL,43,,HOU
,33,Marshawn Lynch,RB,88.120,32.400,145.400,55.100,2014 SEA,2014 SEA,,,,70,,SEA,265,146,SEA,239,113,SEA
,82,Carlos Hyde,RB,102.902,10.344,60.600,0.000,2015 SFO,2015 SFO,174.69,27.220,SF,70,,SFO,62,,SFO,,,
,61,Coby Fleener,TE,102.995,17.019,87.800,10.500,2014 IND,2014 IND,130.67,30.050,NO,69,,IND,125,35,IND,89,,IND
,189,DeVante Parker,WR,70.460,0.000,41.400,0.000,2015 MIA,2015 MIA,116.42,0.000,Mia,69,,MIA,,,,,,
,238,Jerricho Cotchery,WR,46.000,0.000,72.600,0.000,2013 PIT,2015 CAR,,,,68,,CAR,66,,CAR,120,,PIT
,251,Steve Johnson,WR,42.080,0.000,67.300,0.000,2013 BUF,2015 SDG,,,,68,,SDG,62,,SFO,79,,BUF
,138,Heath Miller,TE,45.920,0.640,75.300,1.200,2014 PIT,2014 PIT,,,,68,,PIT,94,4,PIT,63,,PIT
,212,Cecil Shorts,WR,52.528,0.000,70.500,0.000,2013 JAX,2015 HOU,21.81,0.000,Hou,68,,HOU,67,,JAX,96,,JAX
,262,Matt Cassel,QB,37.940,0.000,58.100,0.000,2013 MIN,2015 2TM,,,,67,,2TM,23,,MIN,110,,MIN
,211,Mike Tolbert,RB,53.918,0.000,55.000,0.000,2013 CAR,2015 CAR,47.31,0.000,Car,67,,CAR,17,,CAR,97,,CAR
,276,Brandon Weeden,QB,35.480,0.000,54.600,0.000,2013 CLE,2015 2TM,,,,66,,2TM,20,,DAL,90,,CLE
,268,Dwayne Harris,WR,36.711,0.000,43.300,0.000,2015 NYG,2015 NYG,24.24,0.000,NYG,65,,NYG,8,,DAL,19,,DAL
,278,Dontrelle Inman,WR,35.301,0.000,43.800,0.000,2015 SDG,2015 SDG,21.16,0.000,SD,65,,SDG,16,,SDG,,,
,234,Crockett Gillmore,TE,47.530,0.000,44.400,0.000,2015 BAL,2015 BAL,52.50,0.000,Bal,65,,BAL,18,,BAL,,,
,141,Brian Hartline,WR,43.840,0.480,68.700,0.600,2013 MIA,2013 MIA,,,,64,,CLE,59,,MIA,126,6,MIA
,279,Joseph Randle,RB,35.280,0.000,57.200,0.000,2015 DAL,2015 DAL,,,,64,,DAL,51,,DAL,35,,DAL
,89,Martellus Bennett,TE,90.859,7.440,87.200,13.400,2014 CHI,2014 CHI,99.63,0.000,NE,62,,CHI,132,41,CHI,104,11,CHI
,292,Jonathan Grimes,RB,32.013,0.000,46.300,0.000,2015 HOU,2015 HOU,8.14,0.000,Hou,62,,HOU,24,,HOU,19,,HOU
,182,Kenny Stills,WR,81.737,0.000,80.000,0.000,2014 NOR,2015 MIA,86.36,0.000,Mia,62,,MIA,111,,NOR,95,,NOR
,191,Jerick McKinnon,RB,69.004,0.000,57.300,0.000,2014 MIN,2015 MIN,91.38,0.000,Min,62,,MIN,67,,MIN,,,
,241,Will Tye,TE,45.744,0.000,37.200,0.000,2015 NYG,2015 NYG,58.38,0.000,NYG,62,,NYG,,,,,,
,243,Dexter McCluster,RB,44.685,0.000,54.100,0.000,2013 KAN,2015 TEN,27.54,0.000,Ten,61,,TEN,37,,TEN,64,,KAN
,185,Kendall Wright,WR,77.094,0.000,81.900,0.000,2013 TEN,2015 TEN,69.88,0.000,Ten,61,,TEN,111,,TEN,120,,TEN
,108,Mike Wallace,WR,84.839,4.320,92.600,7.700,2014 MIA,2014 MIA,74.84,0.000,Bal,60,,MIN,146,23,MIA,128,8,MIA
,125,Andre Ellington,RB,71.370,1.920,88.200,3.600,2014 ARI,2014 ARI,45.71,0.000,Ari,60,,ARI,132,12,ARI,126,,ARI
,237,Albert Wilson,WR,46.340,0.000,43.800,0.000,2015 KAN,2015 KAN,51.00,0.000,KC,60,,KAN,26,,KAN,,,
,179,Mohamed Sanu,WR,85.720,0.000,78.100,0.000,2014 CIN,2015 CIN,102.58,0.000,Atl,59,,CIN,123,,CIN,58,,CIN
,22,Dez Bryant,WR,144.817,42.980,123.500,39.900,2014 DAL,2014 DAL,184.36,51.210,Dal,58,,DAL,228,105,DAL,203,84,DAL
,221,Brent Celek,TE,50.686,0.000,54.600,0.000,2013 PHI,2015 PHI,41.70,0.000,Phi,58,,PHI,38,,PHI,84,,PHI
,202,Chris Hogan,WR,60.314,0.000,54.500,0.000,2014 BUF,2015 BUF,72.51,0.000,NE,58,,BUF,63,,BUF,8,,BUF
,227,Chris Thompson,RB,48.807,0.000,37.800,0.000,2015 WAS,2015 WAS,66.23,0.000,Was,58,,WAS,10,,WAS,,,WAS
,200,Davante Adams,WR,61.304,0.000,53.700,0.000,2014 GNB,2015 GNB,76.80,0.000,GB,58,,GNB,63,,GNB,,,
,213,Austin Seferian-Jenkins,TE,52.517,0.000,44.400,0.000,2015 TAM,2015 TAM,66.73,0.000,TB,58,,TAM,32,,TAM,,,
,131,Roddy White,WR,49.740,1.440,82.500,2.700,2014 ATL,2014 ATL,,,,57,,ATL,132,9,ATL,87,,ATL
,115,Jordan Cameron,TE,75.805,3.280,63.800,4.100,2013 CLE,2013 CLE,91.54,0.000,Mia,57,,MIA,54,,CLE,134,41,CLE
,324,Brandon Coleman,WR,26.140,0.000,34.200,0.000,2015 NOR,2015 NOR,11.79,0.000,NO,57,,NOR,,,,,,
,299,Lance Moore,WR,31.200,0.000,49.400,0.000,2015 DET,2015 DET,,,,56,,DET,34,,PIT,56,,NOR
,302,Chris Polk,RB,31.040,0.000,50.100,0.000,2015 HOU,2015 HOU,,,,56,,HOU,43,,PHI,36,,PHI
,308,Kyle Juszczyk,RB,29.895,0.000,39.600,0.000,2015 BAL,2015 BAL,14.25,0.000,Bal,56,,BAL,20,,BAL,,,BAL
,59,Arian Foster,RB,116.958,18.560,112.500,34.800,2014 HOU,2014 HOU,135.10,0.000,Mia,55,,HOU,236,116,HOU,87,,HOU
,354,A.J. McCarron,QB,20.900,0.000,33.000,0.000,2015 CIN,2015 CIN,,,,55,,CIN,,,,,,
,240,Khiry Robinson,RB,45.868,0.000,52.300,0.000,2014 NOR,2015 NOR,36.81,0.000,NYJ,54,,NOR,57,,NOR,28,,NOR
,222,Clive Walford,TE,50.586,0.000,31.800,0.000,2015 OAK,2015 OAK,80.12,0.000,Oak,53,,OAK,,,,,,
,124,Brandon LaFell,WR,74.595,2.080,81.700,3.900,2014 NWE,2014 NWE,66.83,0.000,Cin,52,,NWE,137,13,NWE,94,,CAR
,304,Marquess Wilson,WR,30.461,0.000,37.300,0.000,2015 CHI,2015 CHI,19.53,0.000,Chi,52,,CHI,20,,CHI,1,,CHI
,247,Harry Douglas,WR,43.192,0.000,63.100,0.000,2013 ATL,2015 TEN,8.98,0.000,Ten,51,,TEN,70,,ATL,115,,ATL
,336,Leonard Hankerson,WR,23.860,0.000,36.200,0.000,2013 WAS,2015 3TM,,,,51,,3TM,,,WAS,56,,WAS
,242,Shaun Draughn,RB,44.905,0.000,31.200,0.000,2015 2TM,2015 2TM,66.33,0.000,SF,51,,2TM,2,,3TM,,,BAL
,321,Brandon Bolden,RB,26.740,0.000,41.400,0.000,2013 NWE,2015 NWE,,,,51,,NWE,16,,NWE,60,,NWE
,239,Vance McDonald,TE,45.926,0.000,32.100,0.000,2015 SFO,2015 SFO,66.91,0.000,SF,51,,SFO,1,,SFO,12,,SFO
,273,Scott Chandler,TE,35.960,0.000,58.000,0.000,2013 BUF,2015 NWE,,,,50,,NWE,68,,BUF,76,,BUF
,257,Marcel Reece,RB,38.898,0.000,49.100,0.000,2013 OAK,2015 OAK,20.10,0.000,Oak,49,,OAK,39,,OAK,80,,OAK
,296,Josh Huff,WR,31.509,0.000,32.100,0.000,2015 PHI,2015 PHI,30.13,0.000,Phi,49,,PHI,9,,PHI,,,
,289,Darren Fells,TE,33.747,0.000,31.500,0.000,2015 ARI,2015 ARI,36.86,0.000,Ari,49,,ARI,7,,ARI,,,
,143,Jared Cook,TE,70.120,0.320,62.800,0.400,2013 STL,2013 STL,82.00,0.000,GB,48,,STL,81,,STL,97,4,STL
,198,C.J. Spiller,RB,62.378,0.000,54.500,0.000,2013 BUF,2015 NOR,71.68,0.000,NO,47,,NOR,47,,BUF,122,,BUF
,274,Denard Robinson,RB,35.932,0.000,55.800,0.000,2014 JAX,2015 JAX,8.61,0.000,Jax,47,,JAX,91,,JAX,3,,JAX
,282,Cameron Brate,TE,34.835,0.000,28.800,0.000,2015 TAM,2015 TAM,43.83,0.000,TB,47,,TAM,2,,TAM,,,
,101,Fred Jackson,RB,52.200,5.360,83.300,7.000,2013 BUF,2013 BUF,,,,46,,SEA,123,3,BUF,188,61,BUF
,236,Quinton Patton,WR,46.948,0.000,29.400,0.000,2015 SFO,2015 SFO,74.60,0.000,SF,46,,SFO,4,,SFO,6,,SFO
,326,Mike Gillislee,RB,25.943,0.000,27.800,0.000,2015 BUF,2015 BUF,21.85,0.000,Buf,46,,BUF,,,,2,,MIA
,129,Riley Cooper,WR,40.060,1.520,63.100,1.900,2013 PHI,2013 PHI,,,,45,,PHI,74,,PHI,139,19,PHI
,309,Darrius Heyward-Bey,WR,29.638,0.000,31.700,0.000,2015 PIT,2015 PIT,23.31,0.000,Pit,45,,PIT,1,,PIT,44,,IND
,215,Jarius Wright,WR,51.689,0.000,56.500,0.000,2014 MIN,2015 MIN,45.34,0.000,Min,45,,MIN,78,,MIN,61,,MIN
,228,Andre Holmes,WR,48.797,0.000,59.200,0.000,2014 OAK,2015 OAK,34.94,0.000,Oak,44,,OAK,93,,OAK,49,,OAK
,167,Case Keenum,QB,96.109,0.000,43.700,0.000,2013 HOU,2015 STL,177.34,0.000,LA,44,,STL,23,,2TM,104,,HOU
,315,Zach Mettenberger,QB,28.080,0.000,47.700,0.000,2014 TEN,2015 TEN,,,,44,,TEN,71,,TEN,,,
,285,Anthony Fasano,TE,34.269,0.000,44.300,0.000,2014 KAN,2015 TEN,18.55,0.000,Ten,43,,TEN,49,,KAN,38,,KAN
,345,Bryan Walters,WR,22.172,0.000,27.600,0.000,2015 JAX,2015 JAX,12.82,0.000,Jax,43,,JAX,6,,SEA,,,
,333,Chris Givens,WR,24.340,0.000,38.000,0.000,2013 STL,2015 2TM,,,,43,,2TM,22,,STL,56,,STL
,312,Bishop Sankey,RB,28.820,0.000,49.200,0.000,2014 TEN,2015 TEN,,,,43,,TEN,78,,TEN,,,
,392,JJ Nelson,WR,15.960,0.000,25.200,0.000,2015 ARI,2015 ARI,,,,42,,ARI,,,,,,
,140,Tony Romo,QB,137.366,0.480,130.900,0.700,2014 DAL,2013 DAL,152.70,0.000,Dal,41,,DAL,266,1,DAL,265,4,DAL
,235,Tevin Coleman,RB,47.268,0.000,24.600,0.000,2015 ATL,2015 ATL,83.39,0.000,Atl,41,,ATL,,,,,,
,98,Vernon Davis,TE,38.131,5.440,51.200,6.800,2013 SFO,2013 SFO,10.87,0.000,Was,40,,2TM,37,,SFO,161,68,SFO
,281,EJ Manuel,QB,34.900,0.000,54.400,0.000,2013 BUF,2015 BUF,,,,39,,BUF,59,,BUF,133,,BUF
,219,Benny Cunningham,RB,51.028,0.000,51.200,0.000,2014 STL,2015 STL,53.60,0.000,LA,39,,STL,80,,STL,38,,STL
,368,Ryan Grant,WR,19.352,0.000,25.500,0.000,2015 WAS,2015 WAS,8.98,0.000,Was,39,,WAS,7,,WAS,,,
,300,Donald Brown,RB,31.160,0.000,48.000,0.000,2013 IND,2015 SDG,,,,38,,SDG,43,,SDG,123,,IND
,359,Keshawn Martin,WR,20.226,0.000,28.700,0.000,2015 NWE,2015 NWE,4.49,0.000,NE,38,,NWE,8,,HOU,35,,HOU
,225,Lance Kendricks,TE,49.277,0.000,44.000,0.000,2014 STL,2015 STL,58.57,0.000,LA,37,,STL,56,,STL,50,,STL
,317,Garrett Celek,TE,27.123,0.000,24.100,0.000,2015 SFO,2015 SFO,31.43,0.000,SF,37,,SFO,5,,SFO,4,,SFO
,256,Ryan Griffin,TE,39.441,0.000,29.700,0.000,2015 HOU,2015 HOU,54.16,0.000,Hou,37,,HOU,15,,HOU,30,,HOU
,419,Jeremy Butler,WR,13.680,0.000,21.600,0.000,2015 BAL,2015 BAL,,,,36,,BAL,,,,,,
,233,Jay Ajayi,RB,47.720,0.000,21.600,0.000,2015 MIA,2015 MIA,89.58,0.000,Mia,36,,MIA,,,,,,
,325,Percy Harvin,WR,26.100,0.000,44.900,0.000,2014 2TM,2015 BUF,,,,35,,BUF,79,,2TM,2,,SEA
,435,Josh Bellamy,WR,12.920,0.000,20.400,0.000,2015 CHI,2015 CHI,,,,34,,CHI,,,CHI,,,2TM
,244,Larry Donnell,TE,44.341,0.000,47.700,0.000,2014 NYG,2015 NYG,44.16,0.000,NYG,34,,NYG,90,,NYG,3,,NYG
,245,Mychal Rivera,TE,44.047,0.000,49.400,0.000,2014 OAK,2015 OAK,36.65,0.000,Oak,34,,OAK,75,,OAK,65,,OAK
,293,Tre Mason,RB,31.960,0.000,56.100,0.000,2014 STL,2015 STL,,,,34,,STL,119,,STL,,,
,270,Ka'Deem Carey,RB,36.375,0.000,27.000,0.000,2015 CHI,2015 CHI,52.46,0.000,Chi,34,,CHI,22,,CHI,,,
,139,Andre Williams,RB,39.453,0.640,58.500,1.200,2014 NYG,2014 NYG,16.35,0.000,NYG,34,,NYG,127,4,NYG,,,
,260,Jaelen Strong,WR,38.182,0.000,20.400,0.000,2015 HOU,2015 HOU,66.48,0.000,Hou,34,,HOU,,,,,,
,320,Adam Humphries,WR,26.938,0.000,20.400,0.000,2015 TAM,2015 TAM,36.89,0.000,TB,34,,TAM,,,,,,
,287,Ahmad Bradshaw,RB,34.060,0.000,58.400,0.000,2014 IND,2015 IND,,,,33,,IND,117,,IND,35,,IND
,402,Jimmy Clausen,QB,15.100,0.000,24.600,0.000,2015 2TM,2015 2TM,,,,33,,2TM,16,,CHI,,,
,283,Mark Sanchez,QB,34.780,0.000,61.500,0.000,2014 PHI,2015 PHI,,,,33,,PHI,139,,PHI,,,
,438,Kellen Moore,QB,12.540,0.000,19.800,0.000,2015 DAL,2015 DAL,,,,33,,DAL,,,,,,
,265,Maxx Williams,TE,37.609,0.000,19.800,0.000,2015 BAL,2015 BAL,65.97,0.000,Bal,33,,BAL,,,,,,
,301,Justin Hunter,WR,31.157,0.000,45.500,0.000,2014 TEN,2015 TEN,8.94,0.000,Ten,32,,TEN,68,,TEN,59,,TEN
,334,Quincy Enunwa,WR,24.183,0.000,19.200,0.000,2015 NYJ,2015 NYJ,31.64,0.000,NYJ,32,,NYJ,,,NYJ,,,
,253,Nelson Agholor,WR,41.747,0.000,19.200,0.000,2015 PHI,2015 PHI,77.86,0.000,Phi,32,,PHI,,,,,,
,318,Michael Vick,QB,27.060,0.000,42.200,0.000,2013 PHI,2015 PIT,,,,31,,PIT,45,,NYJ,101,,PHI
,453,Marc Mariani,WR,11.400,0.000,18.000,0.000,2015 CHI,2015 CHI,,,,30,,CHI,,,,,,
,223,Eddie Royal,WR,50.344,0.000,53.700,0.000,2014 SDG,2015 CHI,52.38,0.000,Chi,30,,CHI,119,,SDG,,,
,346,Cameron Artis-Payne,RB,22.131,0.000,18.000,0.000,2015 CAR,2015 CAR,28.24,0.000,Car,30,,CAR,,,,,,
,357,Matt Schaub,QB,20.311,0.000,26.700,0.000,2013 HOU,2015 BAL,4.03,0.000,Atl,29,,BAL,-4,,OAK,105,,HOU
,427,Zach Line,RB,13.205,0.000,17.500,0.000,2015 MIN,2015 MIN,5.54,0.000,Min,29,,MIN,,,MIN,1,,MIN
,295,Marqise Lee,WR,31.617,0.000,32.100,0.000,2014 JAX,2015 JAX,33.57,0.000,Jax,29,,JAX,49,,JAX,,,
,339,Miles Austin,WR,23.600,0.000,39.900,0.000,2014 CLE,2015 PHI,,,,28,,PHI,69,,CLE,24,,DAL
,258,Jermaine Gresham,TE,38.492,0.000,46.000,0.000,2014 CIN,2015 ARI,27.82,0.000,Ari,28,,ARI,76,,CIN,64,,CIN
,275,Andrew Hawkins,WR,35.610,0.000,47.600,0.000,2014 CLE,2015 CLE,21.08,0.000,Cle,28,,CLE,96,,CLE,20,,CIN
,303,Robert Turbin,RB,30.825,0.000,37.800,0.000,2014 SEA,2015 2TM,21.54,0.000,Ind,28,,2TM,60,,SEA,30,,SEA
,352,Travaris Cadet,RB,21.121,0.000,28.000,0.000,2014 NOR,2015 3TM,11.37,0.000,NO,28,,3TM,35,,NOR,7,,NOR
,378,Lance Dunbar,RB,17.280,0.000,28.300,0.000,2014 DAL,2015 DAL,,,,28,,DAL,32,,DAL,19,,DAL
,400,Nick Williams,WR,15.307,0.000,17.200,0.000,2015 ATL,2015 ATL,11.44,0.000,Atl,28,,ATL,,,,4,,WAS
,220,Phillip Dorsett,WR,50.977,0.000,16.800,0.000,2015 IND,2015 IND,106.15,0.000,Ind,28,,IND,,,,,,
,271,Greg Jennings,WR,36.340,0.000,59.800,0.000,2014 MIN,2015 MIA,,,,27,,MIA,110,,MIN,106,,MIN
,246,Jeremy Kerley,WR,43.928,0.000,41.300,0.000,2013 NYJ,2015 NYJ,48.39,0.000,SF,27,,NYJ,60,,NYJ,71,,NYJ
,450,DuJuan Harris,RB,11.540,0.000,18.600,0.000,2015 2TM,2015 2TM,,,,27,,2TM,8,,GNB,,,
,297,Luke Willson,TE,31.421,0.000,36.300,0.000,2014 SEA,2015 SEA,25.16,0.000,Sea,27,,SEA,56,,SEA,33,,SEA
,397,De'Anthony Thomas,WR,15.540,0.000,26.100,0.000,2014 KAN,2015 KAN,,,,27,,KAN,33,,KAN,,,
,370,Ty Montgomery,WR,18.723,0.000,16.200,0.000,2015 GNB,2015 GNB,22.27,0.000,GB,27,,GNB,,,,,,
,284,Christine Michael,RB,34.323,0.000,22.100,0.000,2015 2TM,2015 2TM,54.64,0.000,Sea,26,,2TM,19,,SEA,8,,SEA
,344,Brice Butler,WR,22.256,0.000,28.600,0.000,2014 OAK,2015 DAL,13.62,0.000,Dal,26,,DAL,40,,OAK,10,,OAK
,294,Chris Conley,WR,31.665,0.000,15.600,0.000,2015 KAN,2015 KAN,57.33,0.000,KC,26,,KAN,,,,,,
,353,Jonas Gray,RB,21.020,0.000,36.600,0.000,2014 NWE,2015 2TM,,,,25,,2TM,72,,NWE,,,
,441,Jamize Olawale,RB,12.300,0.000,19.900,0.000,2015 OAK,2015 OAK,,,,25,,OAK,14,,OAK,7,,OAK
,337,Ed Dickson,TE,23.760,0.000,23.100,0.000,2013 BAL,2015 CAR,24.00,0.000,Car,24,,CAR,18,,CAR,33,,BAL
,385,Michael Hoomanawanui,TE,16.304,0.000,17.600,0.000,2015 2TM,2015 2TM,13.01,0.000,NO,24,,2TM,4,,NWE,20,,NWE
,473,Craig Stevens,TE,9.680,0.000,15.400,0.000,2015 TEN,2015 TEN,,,,24,,TEN,3,,TEN,1,,TEN
,103,Matt Asiata,RB,40.985,4.960,62.800,9.300,2014 MIN,2014 MIN,13.54,0.000,Min,24,,MIN,150,31,MIN,34,,MIN
,363,Stedman Bailey,WR,19.840,0.000,32.900,0.000,2014 STL,2015 STL,,,,24,,STL,51,,STL,32,,STL
,439,Landry Jones,QB,12.506,0.000,14.400,0.000,2015 PIT,2015 PIT,8.91,0.000,Pit,24,,PIT,,,,,,PIT
,329,Josh Hill,TE,25.352,0.000,29.800,0.000,2014 NOR,2015 NOR,20.40,0.000,NO,24,,NOR,48,,NOR,10,,NOR
,488,Rashad Ross,WR,9.120,0.000,14.400,0.000,2015 WAS,2015 WAS,,,,24,,WAS,,,2TM,,,
,433,Orleans Darkwa,RB,13.051,0.000,18.300,0.000,2015 NYG,2015 NYG,4.87,0.000,NYG,24,,NYG,13,,2TM,,,
,404,Damien Williams,RB,15.040,0.000,25.500,0.000,2014 MIA,2015 MIA,,,,24,,MIA,37,,MIA,,,
,351,Taylor Gabriel,WR,21.737,0.000,35.100,0.000,2014 CLE,2015 CLE,4.15,0.000,Cle,24,,CLE,69,,CLE,,,
,375,Clay Harbor,TE,17.780,0.000,28.800,0.000,2013 JAX,2015 JAX,,,,23,,JAX,37,,JAX,39,,JAX
,330,Marcedes Lewis,TE,25.098,0.000,30.100,0.000,2013 JAX,2015 JAX,16.10,0.000,Jax,23,,JAX,35,,JAX,58,,JAX
,291,Virgil Green,TE,32.417,0.000,18.500,0.000,2015 DEN,2015 DEN,55.36,0.000,Den,23,,DEN,14,,DEN,5,,DEN
,491,T.J. Yates,QB,8.980,0.000,14.200,0.000,2015 HOU,2015 HOU,,,,23,,HOU,1,,ATL,1,,HOU
,416,Patrick DiMarco,RB,13.872,0.000,17.900,0.000,2015 ATL,2015 ATL,7.40,0.000,Atl,23,,ATL,12,,ATL,5,,ATL
,411,Griff Whalen,WR,14.106,0.000,17.800,0.000,2013 IND,2015 IND,5.70,0.000,Mia,23,,IND,,,IND,40,,IND
,338,Fozzy Whittaker,RB,23.603,0.000,27.200,0.000,2013 2TM,2015 CAR,17.85,0.000,Car,23,,CAR,33,,CAR,35,,2TM
,424,Adam Thielen,WR,13.509,0.000,19.800,0.000,2015 MIN,2015 MIN,4.13,0.000,Min,23,,MIN,20,,MIN,,,
,316,Rashad Greene,WR,27.174,0.000,13.800,0.000,2015 JAX,2015 JAX,48.51,0.000,Jax,23,,JAX,,,,,,
,405,Terron Ward,RB,14.999,0.000,13.800,0.000,2015 ATL,2015 ATL,16.47,0.000,Atl,23,,ATL,,,,,,
,394,Taiwan Jones,RB,15.745,0.000,13.800,0.000,2015 OAK,2015 OAK,18.17,0.000,Oak,22,,OAK,,,,6,,OAK
,395,Bennie Fowler,WR,15.732,0.000,13.200,0.000,2015 DEN,2015 DEN,19.40,0.000,Den,22,,DEN,,,,,,
,327,Branden Oliver,RB,25.800,0.000,45.900,0.000,2014 SDG,2015 SDG,,,,22,,SDG,109,,SDG,,,
,406,Bruce Miller,RB,14.860,0.000,24.200,0.000,2014 SFO,2015 SFO,,,,21,,SFO,30,,SFO,26,,SFO
,387,Jordan Norwood,WR,16.260,0.000,12.600,0.000,2015 DEN,2015 DEN,21.79,0.000,Den,21,,DEN,,,,,,
,506,Chris Matthews,WR,7.980,0.000,12.600,0.000,2015 2TM,2015 2TM,,,,21,,2TM,,,,,,
,120,Zac Stacy,RB,28.060,2.480,42.400,3.100,2013 STL,2013 STL,,,,21,,NYJ,47,,STL,157,31,STL
,379,C.J. Fiedorowicz,TE,17.183,0.000,15.300,0.000,2015 HOU,2015 HOU,20.43,0.000,Hou,21,,HOU,9,,HOU,,,
,214,Terrance West,RB,51.987,0.000,43.200,0.000,2014 CLE,2015 2TM,72.86,0.000,Bal,21,,2TM,102,,CLE,,,
,451,Andre Caldwell,WR,11.520,0.000,17.400,0.000,2013 DEN,2015 DEN,,,,20,,DEN,5,,DEN,39,,DEN
,449,John Kuhn,RB,11.600,0.000,18.700,0.000,2015 GNB,2015 GNB,,,,20,,GNB,17,,GNB,16,,GNB
,388,Louis Murphy,WR,16.240,0.000,27.800,0.000,2014 TAM,2015 TAM,,,,20,,TAM,50,,TAM,8,,NYG
,483,Derek Carrier,TE,9.360,0.000,15.300,0.000,2015 WAS,2015 WAS,,,,20,,WAS,11,,SFO,,,SFO
,218,Geno Smith,QB,51.208,0.000,78.500,0.000,2013 NYJ,2015 NYJ,7.81,0.000,NYJ,20,,NYJ,157,,NYJ,194,,NYJ
,445,Kerwynn Williams,RB,11.760,0.000,19.800,0.000,2014 ARI,2015 ARI,,,,20,,ARI,26,,ARI,,,2TM
,332,Tim Wright,TE,24.480,0.000,39.300,0.000,2013 TAM,2015 DET,,,,20,,DET,62,,NWE,87,,TAM
,373,Jaron Brown,WR,17.878,0.000,24.500,0.000,2014 ARI,2015 ARI,8.10,0.000,Ari,20,,ARI,35,,ARI,20,,ARI
,489,Jalston Fowler,RB,9.067,0.000,12.000,0.000,2015 TEN,2015 TEN,3.86,0.000,Ten,20,,TEN,,,,,,
,510,David Cobb,RB,7.600,0.000,12.000,0.000,2015 TEN,2015 TEN,,,,20,,TEN,,,,,,
,331,Austin Davis,QB,24.500,0.000,43.800,0.000,2014 STL,2015 CLE,,,,19,,CLE,108,,STL,,,
,466,Javontee Herndon,WR,10.252,0.000,11.400,0.000,2015 SDG,2015 SDG,7.98,0.000,SD,19,,SDG,,,,,,
,390,Blake Bell,TE,16.093,0.000,11.400,0.000,2015 SFO,2015 SFO,23.35,0.000,SF,19,,SFO,,,,,,
,341,Tyler Kroft,TE,23.180,0.000,11.400,0.000,2015 CIN,2015 CIN,42.00,0.000,Cin,19,,CIN,,,,,,
,290,Justin Hardy,WR,32.767,0.000,11.400,0.000,2015 ATL,2015 ATL,67.23,0.000,Atl,19,,ATL,,,,,,
,518,Donteea Dye,WR,7.220,0.000,11.400,0.000,2015 TAM,2015 TAM,,,,19,,TAM,,,,,,
,393,Rhett Ellison,TE,15.906,0.000,20.700,0.000,2014 MIN,2015 MIN,9.12,0.000,Min,18,,MIN,29,,MIN,12,,MIN
,323,Roy Helu,RB,26.220,0.000,43.400,0.000,2014 WAS,2015 OAK,,,,17,,OAK,85,,WAS,77,,WAS
,205,Dwayne Allen,TE,59.184,0.000,37.400,0.000,2014 IND,2015 IND,100.01,0.000,Ind,17,,IND,88,,IND,8,,IND
,374,Dion Sims,TE,17.870,0.000,23.100,0.000,2014 MIA,2015 MIA,11.29,0.000,Mia,17,,MIA,40,,MIA,9,,MIA
,343,Kenbrell Thompkins,WR,22.327,0.000,25.400,0.000,2013 NWE,2015 NYJ,15.44,0.000,NYJ,17,,NYJ,27,,2TM,71,,NWE
,536,Jake Stoneburner,TE,6.460,0.000,10.200,0.000,2015 MIA,2015 MIA,,,,17,,MIA,,,,,,GNB
,534,T.J. Jones,WR,6.460,0.000,10.200,0.000,2015 DET,2015 DET,,,,17,,DET,,,,,,
,535,Nick Boyle,TE,6.460,0.000,10.200,0.000,2015 BAL,2015 BAL,,,,17,,BAL,,,,,,
,314,Knile Davis,RB,28.224,0.000,44.700,0.000,2014 KAN,2015 KAN,5.22,0.000,KC,16,,KAN,99,,KAN,54,,KAN
,494,Justin Perillo,TE,8.808,0.000,9.600,0.000,2015 GNB,2015 GNB,7.18,0.000,GB,16,,GNB,,,,,,
,432,Devin Smith,WR,13.099,0.000,9.600,0.000,2015 NYJ,2015 NYJ,18.47,0.000,NYJ,16,,NYJ,,,,,,
,380,Anthony Dixon,RB,16.980,0.000,29.100,0.000,2014 BUF,2015 BUF,,,,15,,BUF,60,,BUF,21,,SFO
,137,Pierre Thomas,RB,29.060,0.800,46.000,1.000,2013 NOR,2013 NOR,,,,15,,2TM,78,,NOR,136,10,NOR
,499,Chris Gragg,TE,8.340,0.000,13.400,0.000,2015 BUF,2015 BUF,,,,15,,BUF,11,,BUF,11,,BUF
,540,Myles White,WR,6.260,0.000,9.700,0.000,2015 NYG,2015 NYG,,,,15,,NYG,,,,7,,GNB
,490,Troy Niklas,TE,9.027,0.000,10.200,0.000,2015 ARI,2015 ARI,7.07,0.000,Ari,15,,ARI,4,,ARI,,,
,493,Devin Street,WR,8.840,0.000,9.600,0.000,2015 DAL,2015 DAL,7.42,0.000,Dal,15,,DAL,2,,DAL,,,
,269,Tyrell Williams,WR,36.670,0.000,9.000,0.000,2015 SDG,2015 SDG,81.50,0.000,SD,15,,SDG,,,,,,
,386,Jason Avant,WR,16.280,0.000,26.200,0.000,2013 PHI,2015 KAN,,,,14,,KAN,41,,2TM,55,,PHI
,547,Marlon Moore,WR,5.880,0.000,9.100,0.000,2015 CLE,2015 CLE,,,,14,,CLE,,,CLE,7,,2TM
,369,Andre Roberts,WR,18.840,0.000,30.800,0.000,2013 ARI,2015 WAS,,,,14,,WAS,55,,WAS,59,,ARI
,414,Aaron Dobson,WR,13.932,0.000,17.200,0.000,2013 NWE,2015 NWE,4.98,0.000,NE,14,,NWE,4,,NWE,76,,NWE
,431,Rex Burkhead,RB,13.119,0.000,12.600,0.000,2015 CIN,2015 CIN,14.63,0.000,Cin,14,,CIN,14,,CIN,,,CIN
,474,Bruce Ellington,WR,9.640,0.000,16.500,0.000,2014 SFO,2015 SFO,,,,14,,SFO,27,,SFO,,,
,396,Lorenzo Taliaferro,RB,15.720,0.000,27.900,0.000,2014 BAL,2015 BAL,,,,14,,BAL,65,,BAL,,,
,298,Jesse James,TE,31.209,0.000,8.400,0.000,2015 PIT,2015 PIT,68.13,0.000,Pit,14,,PIT,,,,,,
,561,Akeem Hunt,RB,5.320,0.000,8.400,0.000,2015 HOU,2015 HOU,,,,14,,HOU,,,,,,
,528,Chase Coffman,TE,6.860,0.000,11.400,0.000,2015 2TM,2015 2TM,,,,13,,2TM,12,,TEN,,,ATL
,145,Steven Jackson,RB,33.660,0.320,55.900,0.600,2014 ATL,2014 ATL,,,,13,,NWE,122,2,ATL,115,,ATL
,577,Luke McCown,QB,4.940,0.000,7.800,0.000,2015 NOR,2015 NOR,,,,13,,NOR,,,NOR,,,NOR
,413,Brandon Myers,TE,14.060,0.000,21.100,0.000,2013 NYG,2015 TAM,,,,13,,TAM,19,,TAM,76,,NYG
,421,Brandon Pettigrew,TE,13.636,0.000,15.100,0.000,2013 DET,2015 DET,8.99,0.000,Det,13,,DET,7,,DET,52,,DET
,512,John Phillips,TE,7.592,0.000,9.900,0.000,2015 SDG,2015 SDG,3.82,0.000,Den,13,,SDG,6,,SDG,3,,SDG
,480,Lee Smith,TE,9.460,0.000,11.600,0.000,2015 OAK,2015 OAK,6.00,0.000,Oak,13,,OAK,10,,BUF,8,,BUF
,459,Ricardo Lockette,WR,10.700,0.000,18.200,0.000,2014 SEA,2015 SEA,,,,13,,SEA,32,,SEA,8,,2TM
,408,Dan Herron,RB,14.300,0.000,24.900,0.000,2014 IND,2015 2TM,,,,13,,2TM,54,,IND,9,,2TM
,417,Bryce Brown,RB,13.740,0.000,21.600,0.000,2013 PHI,2015 SEA,,,,13,,SEA,28,,BUF,54,,PHI
,470,Cooper Helfet,TE,9.900,0.000,17.100,0.000,2014 SEA,2015 SEA,,,,13,,SEA,31,,SEA,,,
,376,Kenjon Barner,RB,17.644,0.000,7.900,0.000,2015 PHI,2015 PHI,33.22,0.000,Phi,13,,PHI,,,,1,,CAR
,364,Jack Doyle,TE,19.683,0.000,15.200,0.000,2014 IND,2015 IND,28.27,0.000,Ind,13,,IND,24,,IND,2,,IND
,565,Demetrius Harris,TE,5.260,0.000,8.400,0.000,2015 KAN,2015 KAN,,,,13,,KAN,2,,KAN,,,
,444,Jared Abbrederis,WR,11.776,0.000,7.800,0.000,2015 GNB,2015 GNB,17.99,0.000,GB,13,,GNB,,,,,,
,377,Charles Johnson,WR,17.455,0.000,25.800,0.000,2014 MIN,2015 MIN,7.67,0.000,Min,13,,MIN,60,,MIN,,,
,576,Keith Mumphery,WR,4.940,0.000,7.800,0.000,2015 HOU,2015 HOU,,,,13,,HOU,,,,,,
,511,Tony Moeaki,TE,7.600,0.000,12.900,0.000,2014 SEA,2015 ATL,,,,12,,ATL,19,,SEA,,,2TM
,448,Brandon Tate,WR,11.634,0.000,14.800,0.000,2014 CIN,2015 CIN,7.88,0.000,Cin,12,,CIN,25,,CIN,1,,CIN
,525,Luke Stocker,TE,6.967,0.000,8.400,0.000,2015 TAM,2015 TAM,4.65,0.000,TB,12,,TAM,4,,TAM,,,TAM
,503,Marcus Easley,WR,8.049,0.000,7.300,0.000,2015 BUF,2015 BUF,8.97,0.000,Buf,12,,BUF,,,,1,,BUF
,447,Matt McGloin,QB,11.680,0.000,16.600,0.000,2013 OAK,2015 OAK,,,,12,,OAK,5,,OAK,79,,OAK
,430,Cody Latimer,WR,13.160,0.000,7.800,0.000,2015 DEN,2015 DEN,21.79,0.000,Den,12,,DEN,2,,DEN,,,
,581,Cameron Meredith,WR,4.560,0.000,7.200,0.000,2015 CHI,2015 CHI,,,,12,,CHI,,,,,,
,582,Darius Jennings,WR,4.560,0.000,7.200,0.000,2015 CLE,2015 CLE,,,,12,,CLE,,,,,,
,462,Jerome Simpson,WR,10.500,0.000,14.500,0.000,2013 MIN,2015 SFO,,,,11,,SFO,,,,79,,MIN
,586,Will Tukuafu,RB,4.340,0.000,6.900,0.000,2015 SEA,2015 SEA,,,,11,,SEA,1,,SEA,,,
,391,Marlon Brown,WR,16.020,0.000,24.000,0.000,2013 BAL,2015 BAL,,,,11,,BAL,26,,BAL,96,,BAL
,571,Russell Shepard,WR,5.140,0.000,8.400,0.000,2015 TAM,2015 TAM,,,,11,,TAM,6,,TAM,,,TAM
,529,Michael Campanaro,WR,6.740,0.000,11.400,0.000,2014 BAL,2015 BAL,,,,11,,BAL,16,,BAL,,,
,590,Kendall Gaskins,RB,4.180,0.000,6.600,0.000,2015 SFO,2015 SFO,,,,11,,SFO,,,,,,
,541,Josh Freeman,QB,6.200,0.000,9.000,0.000,2013 2TM,2015 IND,,,,10,,IND,,,,30,,2TM
,605,Dan Orlovsky,QB,3.800,0.000,6.000,0.000,2015 DET,2015 DET,,,,10,,DET,,,,,,TAM
,132,Wes Welker,WR,24.120,1.440,37.200,1.800,2013 DEN,2013 DEN,,,,10,,STL,58,,DEN,138,18,DEN
,328,Brian Quick,WR,25.696,0.000,27.000,0.000,2014 STL,2015 STL,25.20,0.000,LA,10,,STL,56,,STL,42,,STL
,566,Will Johnson,RB,5.240,0.000,8.200,0.000,2015 PIT,2015 PIT,,,,10,,PIT,4,,PIT,10,,PIT
,515,Austin Johnson,RB,7.429,0.000,9.000,0.000,2015 NOR,2015 NOR,5.34,0.000,NO,10,,NOR,10,,NOR,,,
,383,Gavin Escobar,TE,16.507,0.000,19.000,0.000,2014 DAL,2015 DAL,13.44,0.000,Dal,10,,DAL,35,,DAL,25,,DAL
,568,Ryan Hewitt,RB,5.240,0.000,8.700,0.000,2015 CIN,2015 CIN,,,,10,,CIN,9,,CIN,,,
,521,Brenton Bersin,WR,7.160,0.000,12.300,0.000,2014 CAR,2015 CAR,,,,10,,CAR,21,,CAR,,,
,452,Juwan Thompson,RB,11.480,0.000,20.400,0.000,2014 DEN,2015 DEN,,,,10,,DEN,48,,DEN,,,
,500,Mike Davis,RB,8.276,0.000,6.000,0.000,2015 SFO,2015 SFO,11.78,0.000,SF,10,,SFO,,,,,,
,546,Michael Burton,RB,5.917,0.000,6.000,0.000,2015 DET,2015 DET,5.57,0.000,Det,10,,DET,,,,,,
,513,Lucky Whitehead,WR,7.501,0.000,6.000,0.000,2015 DAL,2015 DAL,9.74,0.000,Dal,10,,DAL,,,,,,
,409,Garrett Graham,TE,14.220,0.000,21.500,0.000,2013 HOU,2015 HOU,,,,9,,HOU,26,,HOU,83,,HOU
,401,Colt McCoy,QB,15.195,0.000,24.300,0.000,2014 WAS,2015 WAS,4.46,0.000,Was,9,,WAS,63,,WAS,,,SFO
,355,Stevan Ridley,RB,20.700,0.000,31.800,0.000,2013 NWE,2015 NYJ,,,,9,,NYJ,48,,NWE,120,,NWE
,442,MyCole Pruitt,TE,12.099,0.000,5.400,0.000,2015 MIN,2015 MIN,22.84,0.000,Min,9,,MIN,,,,,,
,573,James O'Shaughnessy,TE,4.986,0.000,5.400,0.000,2015 KAN,2015 KAN,4.12,0.000,KC,9,,KAN,,,,,,
,381,Jeff Cumberland,TE,16.921,0.000,24.100,0.000,2013 NYJ,2015 NYJ,4.95,0.000,SD,8,,NYJ,43,,NYJ,64,,NYJ
,563,Kellen Davis,TE,5.280,0.000,5.700,0.000,2013 SEA,2015 NYJ,4.00,0.000,NYJ,8,,NYJ,,,DET,9,,SEA
,461,James Hanna,TE,10.579,0.000,7.000,0.000,2015 DAL,2015 DAL,16.26,0.000,Dal,8,,DAL,5,,DAL,7,,DAL
,533,Deonte Thompson,WR,6.515,0.000,5.800,0.000,2013 BAL,2015 CHI,7.04,0.000,Chi,8,,CHI,,,2TM,10,,BAL
,627,Alex Tanney,QB,3.040,0.000,4.800,0.000,2015 TEN,2015 TEN,,,,8,,TEN,,,,,,
,514,Chris Owusu,WR,7.440,0.000,12.500,0.000,2014 2TM,2015 NYJ,,,,8,,NYJ,22,,2TM,11,,TAM
,516,Jeff Janis,WR,7.331,0.000,5.400,0.000,2015 GNB,2015 GNB,10.45,0.000,GB,8,,GNB,2,,GNB,,,
,556,Zurlon Tipton,RB,5.440,0.000,9.300,0.000,2014 IND,2015 IND,,,,8,,IND,15,,IND,,,
,552,Tre McBride,WR,5.704,0.000,4.800,0.000,2015 TEN,2015 TEN,7.01,0.000,Ten,8,,TEN,,,,,,
,389,Toby Gerhart,RB,16.180,0.000,27.200,0.000,2014 JAX,2015 JAX,,,,7,,JAX,61,,JAX,47,,MIN
,630,Ryan Nassib,QB,2.980,0.000,4.800,0.000,2015 NYG,2015 NYG,,,,7,,NYG,2,,NYG,,,
,637,Bradley Marquez,WR,2.660,0.000,4.200,0.000,2015 STL,2015 STL,,,,7,,STL,,,,,,
,306,Zach Zenner,RB,30.005,0.000,4.200,0.000,2015 DET,2015 DET,71.96,0.000,Det,7,,DET,,,,,,
,458,Kellen Clemens,QB,10.787,0.000,12.300,0.000,2013 STL,2015 SDG,4.07,0.000,SD,6,,SDG,,,SDG,87,,STL
,415,Jim Dray,TE,13.915,0.000,15.800,0.000,2013 ARI,2015 CLE,11.25,0.000,Buf,6,,CLE,30,,CLE,32,,ARI
,492,Daniel Fells,TE,8.840,0.000,15.900,0.000,2014 NYG,2015 NYG,,,,6,,NYG,41,,NYG,,,
,653,Jerome Cunningham,TE,2.280,0.000,3.600,0.000,2015 NYG,2015 NYG,,,,6,,NYG,,,,,,
,549,Ryan Lindley,QB,5.800,0.000,10.200,0.000,2014 2TM,2015 IND,,,,6,,IND,22,,2TM,,,
,410,Stepfan Taylor,RB,14.215,0.000,22.000,0.000,2014 ARI,2015 ARI,4.25,0.000,Ari,6,,ARI,55,,ARI,19,,ARI
,606,Tommy Bohanon,RB,3.800,0.000,5.800,0.000,2013 NYJ,2015 NYJ,,,,6,,NYJ,3,,NYJ,13,,NYJ
,539,Corey Fuller,WR,6.280,0.000,11.100,0.000,2014 DET,2015 DET,,,,6,,DET,25,,DET,,,
,487,Levine Toilolo,TE,9.160,0.000,15.600,0.000,2014 ATL,2015 ATL,,,,6,,ATL,34,,ATL,18,,ATL
,446,Fitzgerald Toussaint,RB,11.694,0.000,4.800,0.000,2015 PIT,2015 PIT,23.09,0.000,Pit,6,,PIT,4,,BAL,,,
,654,Jarryd Hayne,RB,2.280,0.000,3.600,0.000,2015 SFO,2015 SFO,,,,6,,SFO,,,,,,
,651,Daniel Brown,WR,2.280,0.000,3.600,0.000,2015 BAL,2015 BAL,,,,6,,BAL,,,,,,
,652,Kevin Smith,WR,2.280,0.000,3.600,0.000,2015 SEA,2015 SEA,,,,6,,SEA,,,,,,
,347,Dwayne Bowe,WR,21.980,0.000,35.800,0.000,2013 KAN,2015 CLE,,,,5,,CLE,77,,KAN,97,,KAN
,105,Reggie Bush,RB,50.304,4.720,41.600,5.900,2013 DET,2013 DET,60.22,0.000,Buf,5,,SFO,67,,DET,185,59,DET
,366,Hakeem Nicks,WR,19.500,0.000,31.500,0.000,2013 NYG,2015 NYG,,,,5,,NYG,65,,IND,90,,NYG
,551,Anthony Sherman,RB,5.740,0.000,9.200,0.000,2013 KAN,2015 KAN,,,,5,,KAN,14,,KAN,20,,KAN
,348,Jacquizz Rodgers,RB,21.885,0.000,27.800,0.000,2013 ATL,2015 CHI,11.54,0.000,Chi,5,,CHI,53,,ATL,89,,ATL
,481,Trey Burton,TE,9.371,0.000,3.300,0.000,2015 PHI,2015 PHI,19.24,0.000,Phi,5,,PHI,1,,PHI,,,
,667,Joey Iosefa,RB,1.900,0.000,3.000,0.000,2015 NWE,2015 NWE,,,,5,,NWE,,,,,,
,668,Josh Robinson,RB,1.900,0.000,3.000,0.000,2015 IND,2015 IND,,,,5,,IND,,,,,,
,471,Preston Parker,WR,9.840,0.000,18.000,0.000,2014 NYG,2015 NYG,,,,4,,NYG,52,,NYG,,,
,399,Charlie Whitehurst,QB,15.360,0.000,28.400,0.000,2014 TEN,2015 2TM,,,,4,,2TM,87,,TEN,-1,,SDG
,532,Greg Salas,WR,6.640,0.000,11.300,0.000,2014 NYJ,2015 BUF,,,,4,,BUF,25,,NYJ,14,,2TM
,263,Terrelle Pryor,WR,37.865,0.000,16.800,0.000,2013 OAK,2015 CLE,65.33,0.000,Cle,4,,CLE,,,,144,,OAK
,342,Paul Richardson,WR,22.695,0.000,12.300,0.000,2014 SEA,2015 SEA,41.83,0.000,Sea,4,,SEA,33,,SEA,,,
,618,Nick O'Leary,TE,3.393,0.000,2.400,0.000,2015 BUF,2015 BUF,4.93,0.000,Buf,4,,BUF,,,,,,
,422,Andrew Quarless,TE,13.540,0.000,22.700,0.000,2014 GNB,2015 GNB,,,,3,,GNB,54,,GNB,47,,GNB
,464,Darrel Young,RB,10.340,0.000,17.300,0.000,2014 WAS,2015 WAS,,,,3,,WAS,40,,WAS,35,,WAS
,403,Rob Housler,TE,15.075,0.000,10.800,0.000,2013 ARI,2015 2TM,20.46,0.000,Chi,3,,2TM,13,,ARI,51,,ARI
,509,Jeremy Ross,WR,7.620,0.000,13.200,0.000,2014 DET,2015 2TM,,,,3,,2TM,33,,DET,15,,2TM
,350,Rod Streater,WR,21.753,0.000,17.300,0.000,2013 OAK,2015 OAK,24.56,0.000,KC,3,,OAK,14,,OAK,113,,OAK
,569,Cory Harkey,TE,5.220,0.000,8.300,0.000,2013 STL,2015 STL,,,,3,,STL,14,,STL,23,,STL
,610,Derrick Coleman,RB,3.620,0.000,5.800,0.000,2013 SEA,2015 SEA,,,,3,,SEA,9,,SEA,13,,SEA
,716,Michael Williams,TE,1.140,0.000,1.800,0.000,2015 NWE,2015 NWE,,,,3,,NWE,,,,,,
,715,B.J. Daniels,WR,1.140,0.000,1.800,0.000,2015 2TM,2015 2TM,,,,3,,2TM,,,,,,
,704,Jay Prosch,RB,1.460,0.000,2.400,0.000,2015 HOU,2015 HOU,,,,3,,HOU,2,,HOU,,,
,714,Andrew Turzilli,WR,1.140,0.000,1.800,0.000,2015 TEN,2015 TEN,,,,3,,TEN,,,,,,
,585,Eric Weems,WR,4.360,0.000,7.900,0.000,2014 ATL,2015 ATL,,,,2,,ATL,22,,ATL,1,,CHI
,526,Vincent Brown,WR,6.920,0.000,10.100,0.000,2013 SDG,2015 SDG,,,,2,,SDG,12,,OAK,53,,SDG
,429,Jordan Todman,RB,13.160,0.000,21.700,0.000,2013 JAX,2015 PIT,,,,2,,PIT,50,,JAX,55,,JAX
,524,T.J. Graham,WR,7.000,0.000,10.500,0.000,2013 BUF,2015 NOR,,,,2,,NOR,15,,NYJ,48,,BUF
,418,Bernard Pierce,RB,13.720,0.000,22.200,0.000,2013 BAL,2015 JAX,,,,2,,JAX,48,,BAL,66,,BAL
,567,Marquise Goodwin,WR,5.240,0.000,7.300,0.000,2013 BUF,2015 BUF,,,,2,,BUF,5,,BUF,46,,BUF
,741,Roosevelt Nix,RB,0.760,0.000,1.200,0.000,2015 PIT,2015 PIT,,,,2,,PIT,,,,,,
,742,Mario Alford,WR,0.760,0.000,1.200,0.000,2015 CIN,2015 CIN,,,,2,,CIN,,,,,,
,645,Geremy Davis,WR,2.466,0.000,1.200,0.000,2015 NYG,2015 NYG,4.49,0.000,NYG,2,,NYG,,,,,,
,612,Aaron Ripkowski,RB,3.572,0.000,1.200,0.000,2015 GNB,2015 GNB,7.40,0.000,GB,2,,GNB,,,,,,
,743,Darren Waller,WR,0.760,0.000,1.200,0.000,2015 BAL,2015 BAL,,,,2,,BAL,,,,,,
,457,DeAndrew White,WR,10.838,0.000,1.200,0.000,2015 SFO,2015 SFO,26.52,0.000,SF,2,,SFO,,,,,,
,594,Malcolm Johnson,RB,4.036,0.000,1.200,0.000,2015 CLE,2015 CLE,8.62,0.000,Cle,2,,CLE,,,,,,
,587,Tyler Varga,RB,4.340,0.000,1.200,0.000,2015 IND,2015 IND,9.42,0.000,Ind,2,,IND,,,,,,
,744,Alonzo Harris,RB,0.760,0.000,1.200,0.000,2015 GNB,2015 GNB,,,,2,,GNB,,,,,,
,745,Tyler Murphy,QB,0.760,0.000,1.200,0.000,2015 PIT,2015 PIT,,,,2,,PIT,,,,,,
,746,John Crockett,RB,0.760,0.000,1.200,0.000,2015 GNB,2015 GNB,,,,2,,GNB,,,,,,
,747,Matt LaCosse,TE,0.760,0.000,1.200,0.000,2015 NYG,2015 NYG,,,,2,,NYG,,,,,,
,496,Malcolm Brown,RB,8.607,0.000,1.200,0.000,2015 STL,2015 STL,20.65,0.000,LA,2,,STL,,,,,,
,495,Derek Anderson,QB,8.700,0.000,16.200,0.000,2014 CAR,2015 CAR,,,,1,,CAR,52,,CAR,,,CAR
,713,Jerome Felton,RB,1.180,0.000,1.900,0.000,2013 MIN,2015 BUF,,,,1,,BUF,3,,MIN,4,,MIN
,688,Tarvaris Jackson,QB,1.660,0.000,2.200,0.000,2013 SEA,2015 SEA,,,,1,,SEA,,,SEA,16,,SEA
,434,Antone Smith,RB,13.020,0.000,22.900,0.000,2014 ATL,2015 CHI,,,,1,,CHI,65,,ATL,28,,ATL
,629,Matt Spaeth,TE,3.020,0.000,5.200,0.000,2014 PIT,2015 PIT,,,,1,,PIT,13,,PIT,7,,PIT
,356,Bobby Rainey,RB,20.460,0.000,33.500,0.000,2013 2TM,2015 TAM,,,,1,,TAM,78,,TAM,95,,2TM
,709,Jorvorskie Lane,RB,1.340,0.000,2.400,0.000,2014 TAM,2015 TAM,,,,1,,TAM,6,,TAM,,,
,527,Damaris Johnson,WR,6.860,0.000,12.800,0.000,2014 HOU,2015 NWE,,,,1,,NWE,41,,HOU,-1,,PHI
,737,Phillip Supernaw,TE,0.860,0.000,1.500,0.000,2014 2TM,2015 TEN,,,,1,,TEN,3,,2TM,,,HOU
,703,Brittan Golden,WR,1.500,0.000,2.000,0.000,2013 ARI,2015 ARI,,,,1,,ARI,,,,14,,ARI
,358,Cordarrelle Patterson,WR,20.261,0.000,29.100,0.000,2013 MIN,2015 MIN,4.95,0.000,Min,1,,MIN,60,,MIN,105,,MIN
,687,Nic Jacobs,TE,1.660,0.000,3.000,0.000,2014 JAX,2015 JAX,,,,1,,JAX,8,,JAX,,,
,776,Scott Simonson,TE,0.380,0.000,0.600,0.000,2015 CAR,2015 CAR,,,,1,,CAR,,,,,,
,783,Tony Washington,WR,0.380,0.000,0.600,0.000,2015 JAX,2015 JAX,,,,1,,JAX,,,,,,
,784,Kasen Williams,WR,0.380,0.000,0.600,0.000,2015 SEA,2015 SEA,,,,1,,SEA,,,,,,
,785,Trey Williams,RB,0.380,0.000,0.600,0.000,2015 IND,2015 IND,,,,1,,IND,,,,,,
,786,Sean Mannion,QB,0.380,0.000,0.600,0.000,2015 STL,2015 STL,,,,1,,STL,,,,,,
,787,E.J. Bibbs,TE,0.380,0.000,0.600,0.000,2015 CLE,2015 CLE,,,,1,,CLE,,,,,,
,775,Terrance Magee,RB,0.380,0.000,0.600,0.000,2015 BAL,2015 BAL,,,,1,,BAL,,,,,,
,335,Sammie Coates,WR,24.077,0.000,0.600,0.000,2015 PIT,2015 PIT,62.36,0.000,Pit,1,,PIT,,,,,,
,777,Khari Lee,TE,0.380,0.000,0.600,0.000,2015 CHI,2015 CHI,,,,1,,CHI,,,,,,
,778,Brian Parker,TE,0.380,0.000,0.600,0.000,2015 KAN,2015 KAN,,,,1,,KAN,,,,,,
,779,Chandler Worthy,WR,0.380,0.000,0.600,0.000,2015 HOU,2015 HOU,,,,1,,HOU,,,,,,
,780,Rod Smith,RB,0.380,0.000,0.600,0.000,2015 2TM,2015 2TM,,,,1,,2TM,,,,,,
,781,Jonathan Krause,WR,0.380,0.000,0.600,0.000,2015 PHI,2015 PHI,,,,1,,PHI,,,,,,
,782,Ben Edwards,WR,0.380,0.000,0.600,0.000,2015 NYG,2015 NYG,,,,1,,NYG,,,,,,
,676,Seyi Ajirotutu,WR,1.760,0.000,2.700,0.000,2013 SDG,2015 PHI,,,,,,PHI,5,,SDG,12,,SDG
,625,James Casey,,3.120,0.000,5.700,0.000,2014 PHI,2015 DEN,,,,,,DEN,18,,PHI,3,,PHI
,638,Chase Daniel,QB,2.640,0.000,4.100,0.000,2013 KAN,2015 KAN,,,,,,KAN,8,,KAN,17,,KAN
,884,Clark Harris,,0.000,0.000,0.000,0.000,2015 CIN,2015 CIN,,,,,,CIN,,,CIN,,,CIN
,173,Shaun Hill,QB,90.878,0.000,26.700,0.000,2014 STL,2015 MIN,201.68,0.000,Min,,,MIN,89,,STL,,,DET
,847,Mike Leach,,0.000,0.000,0.000,0.000,2015 ARI,2015 ARI,,,,,,ARI,,,ARI,,,ARI
,857,Anthony McCoy,,0.000,0.000,0.000,0.000,2015 2TM,2015 2TM,,,,,,2TM,,,,,,
,702,Matt Moore,QB,1.505,0.000,0.100,0.000,2014 MIA,2015 MIA,3.96,0.000,Mia,,,MIA,1,,MIA,-2,,MIA
,753,Matthew Mulligan,TE,0.640,0.000,0.800,0.000,2013 NWE,2015 BUF,,,,,,BUF,,,3TM,8,,NWE
,696,Bear Pascoe,,1.600,0.000,2.600,0.000,2013 NYG,2015 DET,,,,,,DET,6,,ATL,8,,NYG
,711,Cedric Peerman,,1.280,0.000,2.300,0.000,2014 CIN,2015 CIN,,,,,,CIN,7,,CIN,2,,CIN
,887,Mickey Shuler,,0.000,0.000,0.000,0.000,2015 ATL,2015 ATL,,,,,,ATL,,,JAX,,,
,889,Matt Slater,,0.000,0.000,0.000,0.000,2015 NWE,2015 NWE,,,,,,NWE,,,NWE,,,NWE
,762,Alex Smith,,0.560,0.000,0.700,0.000,2013 CIN,2015 WAS,,,,,,WAS,,,CIN,7,,CIN
,763,Joe Webb,QB,0.560,0.000,0.900,0.000,2013 MIN,2015 CAR,,,,,,CAR,2,,CAR,3,,MIN
,870,Nate Solder,,0.000,0.000,0.000,0.000,2015 NWE,2015 NWE,,,,,,NWE,,,NWE,,,NWE
,589,Kendall Hunter,RB,4.240,0.000,5.300,0.000,2013 SFO,2015 NOR,,,,,,NOR,,,,53,,SFO
,885,Richard Gordon,,0.000,0.000,0.000,0.000,2015 DEN,2015 DEN,,,,,,DEN,,,2TM,,,2TM
,886,Allen Bradford,,0.000,0.000,0.000,0.000,2015 ATL,2015 ATL,,,,,,ATL,,,2TM,,,2TM
,924,Tyler Clutts,RB,-0.160,0.000,-0.200,0.000,2015 DAL,2015 DAL,,,,,,DAL,,,DAL,-2,,2TM
,636,Scott Tolzien,QB,2.720,0.000,3.400,0.000,2013 GNB,2015 GNB,,,,,,GNB,,,,34,,GNB
,739,LaMichael James,,0.800,0.000,1.100,0.000,2013 SFO,2015 MIA,,,,,,MIA,1,,2TM,8,,SFO
,579,Nick Toon,,4.720,0.000,8.500,0.000,2014 NOR,2015 STL,,,,,,STL,26,,NOR,7,,NOR
,643,Joe Banyard,,2.480,0.000,4.600,0.000,2014 MIN,2015 JAX,,,,,,JAX,15,,MIN,1,,MIN
,863,Saalim Hakim,,0.000,0.000,0.000,0.000,2015 KAN,2015 KAN,,,,,,KAN,,,NYJ,,,2TM
,841,Cierre Wood,RB,0.080,0.000,0.100,0.000,2013 2TM,2015 BUF,,,,,,BUF,,,,1,,2TM
,881,Sean Renfree,QB,0.000,0.000,0.000,0.000,2015 ATL,2015 ATL,,,,,,ATL,,,,,,
,882,Justice Cunningham,,0.000,0.000,0.000,0.000,2015 STL,2015 STL,,,,,,STL,,,,,,2TM
,722,George Winn,RB,1.120,0.000,2.100,0.000,2014 DET,2015 DET,,,,,,DET,7,,DET,,,
,822,Marcel Jensen,,0.160,0.000,0.300,0.000,2014 JAX,2015 WAS,,,,,,WAS,1,,JAX,,,
,754,Brandon Williams,,0.640,0.000,1.200,0.000,2014 CAR,2015 2TM,,,,,,2TM,4,,CAR,,,CAR
,644,MarQueis Gray,TE,2.480,0.000,4.400,0.000,2014 2TM,2015 BUF,,,,,,BUF,13,,2TM,5,,CLE
,888,Toben Opurum,,0.000,0.000,0.000,0.000,2015 NOR,2015 NOR,,,,,,NOR,,,,,,
,732,Dri Archer,,0.960,0.000,1.800,0.000,2014 PIT,2015 PIT,,,,,,PIT,6,,PIT,,,
,692,Kevin Norwood,,1.600,0.000,3.000,0.000,2014 SEA,2015 CAR,,,,,,CAR,10,,SEA,,,
,852,Nikita Whitlock,,0.000,0.000,0.000,0.000,2015 NYG,2015 NYG,,,,,,NYG,,,,,,
,853,Kapri Bibbs,,0.000,0.000,0.000,0.000,2015 DEN,2015 DEN,,,,,,DEN,,,,,,
,854,Anthony Denham,,0.000,0.000,0.000,0.000,2015 HOU,2015 HOU,,,,,,HOU,,,HOU,,,
,693,Brian Leonhardt,TE,1.600,0.000,3.000,0.000,2014 OAK,2015 SFO,,,,,,SFO,10,,OAK,,,
,858,Rico Richardson,,0.000,0.000,0.000,0.000,2015 TEN,2015 TEN,,,,,,TEN,,,TEN,,,
,286,Jimmy Garoppolo,QB,34.167,0.000,3.600,0.000,2014 NWE,2015 NWE,84.86,0.000,NE,,,NWE,12,,NWE,,,
,865,Matt Hazel,,0.000,0.000,0.000,0.000,2015 MIA,2015 MIA,,,,,,MIA,,,,,,
,928,Walt Powell,,-0.320,0.000,-0.600,0.000,2015 BUF,2015 BUF,,,,,,BUF,-2,,NYJ,,,
,740,Trey Watts,,0.800,0.000,1.500,0.000,2014 STL,2015 STL,,,,,,STL,5,,STL,,,
,691,Asante Cleveland,TE,1.611,0.000,0.000,0.000,2015 NWE,2015 NWE,4.24,0.000,SD,,,NWE,,,SFO,,,
,517,C.J. Uzomah,TE,7.285,0.000,0.000,0.000,2015 CIN,2015 CIN,19.17,0.000,Cin,,,CIN,,,,,,
,883,Geoff Swaim,TE,0.000,0.000,0.000,0.000,2015 DAL,2015 DAL,,,,,,DAL,,,,,,
,203,Trevor Siemian,QB,60.112,0.000,0.000,0.000,2015 DEN,2015 DEN,158.19,0.000,Den,,,DEN,,,,,,
,816,David Johnson,TE,0.180,0.000,0.100,0.000,2013 PIT,2015 SDG,,,,-1,,SDG,,,SDG,7,,PIT
,407,Drew Stanton,QB,14.820,0.000,27.900,0.000,2014 ARI,2015 ARI,,,,-1,,ARI,95,,ARI,,,
,930,Corey Grant,RB,-0.380,0.000,-0.600,0.000,2015 JAX,2015 JAX,,,,-1,,JAX,,,,,,
,929,Chris Harper,WR,-0.380,0.000,-0.600,0.000,2015 NWE,2015 NWE,,,,-1,,NWE,,,,,,
,815,Isaiah Pead,RB,0.200,0.000,0.000,0.000,2013 STL,2015 STL,,,,-2,,STL,,,,12,,STL
,842,Frankie Hammond,,0.040,0.000,0.300,0.000,2014 KAN,2015 KAN,,,,-2,,KAN,5,,KAN,,,
,931,Marcus Murphy,RB,-0.760,0.000,-1.200,0.000,2015 NOR,2015 NOR,,,,-2,,NOR,,,,,,
,932,Glenn Winston,RB,-1.140,0.000,-1.800,0.000,2014 CLE,2015 CLE,,,,-3,,CLE,,,CLE,,,
,28,Jordy Nelson,WR,114.778,34.981,86.900,38.100,2014 GNB,2014 GNB,167.52,34.370,GB,,,,230,107,GNB,179,60,GNB
,88,Kelvin Benjamin,WR,78.509,8.232,46.500,9.600,2014 CAR,2014 CAR,141.34,8.190,Car,,,,155,32,CAR,,,
,307,Kyle Orton,QB,30.000,0.000,55.100,0.000,2014 BUF,2014 BUF,,,,,,,176,,BUF,23,,DAL
,340,Trent Richardson,RB,23.360,0.000,38.300,0.000,2013 2TM,2014 IND,,,,,,,91,,IND,110,,2TM
,365,Reggie Wayne,WR,19.600,0.000,33.500,0.000,2014 IND,2014 IND,,,,,,,90,,IND,65,,IND
,319,Mike Glennon,QB,27.040,0.000,42.800,0.000,2013 TAM,2014 TAM,,,,,,,90,,TAM,158,,TAM
,160,Robert Griffin,QB,124.871,0.000,48.400,0.000,2013 WAS,2014 WAS,245.45,0.000,Cle,,,,89,,WAS,217,,WAS
,455,Devin Hester,WR,11.200,0.000,21.000,0.000,2014 ATL,2014 ATL,,,,,,,70,,ATL,,,
,361,Ben Tate,RB,20.080,0.000,32.100,0.000,2013 HOU,2014 3TM,,,,,,,70,,3TM,111,,HOU
,371,Jake Locker,QB,18.240,0.000,29.200,0.000,2013 TEN,2014 TEN,,,,,,,64,,TEN,100,,TEN
,486,Niles Paul,WR,9.200,0.000,17.000,0.000,2014 WAS,2014 WAS,,,,,,,55,,WAS,5,,WAS
,436,Shonn Greene,RB,12.720,0.000,21.000,0.000,2013 TEN,2014 TEN,,,,,,,51,,TEN,57,,TEN
,507,Jace Amaro,WR,7.840,0.000,14.700,0.000,2014 NYJ,2014 NYJ,,,,,,,49,,NYJ,,,
,469,John Carlson,RB,9.920,0.000,16.700,0.000,2014 ARI,2014 ARI,,,,,,,43,,ARI,38,,MIN
,428,Daniel Thomas,RB,13.200,0.000,20.600,0.000,2013 MIA,2014 MIA,,,,,,,41,,MIA,83,,MIA
,147,Victor Cruz,WR,41.506,0.160,24.200,0.200,2013 NYG,2013 NYG,66.70,0.000,NYG,,,,40,,NYG,122,2,NYG
,472,Brandon Gibson,WR,9.840,0.000,15.900,0.000,2013 MIA,2014 MIA,,,,,,,36,,MIA,51,,MIA
,554,Brandon Lloyd,TE,5.600,0.000,10.500,0.000,2014 SFO,2014 SFO,,,,,,,35,,SFO,,,
,557,Leon Washington,RB,5.440,0.000,10.200,0.000,2014 TEN,2014 TEN,,,,,,,34,,TEN,,,
,542,Chase Ford,TE,6.160,0.000,10.900,0.000,2014 MIN,2014 MIN,,,,,,,32,,MIN,13,,MIN
,575,Derek Hagan,WR,4.960,0.000,9.300,0.000,2014 TEN,2014 TEN,,,,,,,31,,TEN,,,
,367,Chad Henne,QB,19.414,0.000,25.500,0.000,2013 JAX,2014 JAX,3.72,0.000,Jax,,,,30,,JAX,165,,JAX
,85,Josh Gordon,WR,63.206,8.640,31.700,10.800,2013 CLE,2013 CLE,105.91,0.000,Cle,,,,30,,CLE,227,108,CLE
,454,Montee Ball,RB,11.360,0.000,16.900,0.000,2013 DEN,2014 DEN,,,,,,,27,,DEN,88,,DEN
,603,Silas Redd,RB,3.840,0.000,7.200,0.000,2014 WAS,2014 WAS,,,,,,,24,,WAS,,,
,84,Knowshon Moreno,RB,22.480,8.800,30.300,11.000,2013 DEN,2013 DEN,,,,,,,22,,MIA,237,110,DEN
,531,Peyton Hillis,RB,6.720,0.000,10.400,0.000,2013 2TM,2014 NYG,,,,,,,20,,NYG,44,,2TM
,543,Mike Williams,WR,5.920,0.000,9.400,0.000,2013 TAM,2014 BUF,,,,,,,20,,BUF,34,,TAM
,623,Storm Johnson,RB,3.200,0.000,6.000,0.000,2014 JAX,2014 JAX,,,,,,,20,,JAX,,,
,628,Joe McKnight,RB,3.040,0.000,5.700,0.000,2014 KAN,2014 KAN,,,,,,,19,,KAN,,,
,505,Austin Pettis,WR,8.000,0.000,11.800,0.000,2013 STL,2014 2TM,,,,,,,18,,2TM,64,,STL
,133,Maurice Jones-Drew,RB,14.240,1.440,19.500,1.800,2013 JAX,2013 JAX,,,,,,,17,,OAK,144,18,JAX
,501,Donnie Avery,WR,8.160,0.000,11.800,0.000,2013 KAN,2014 KAN,,,,,,,16,,KAN,70,,KAN
,580,Jonathan Dwyer,RB,4.640,0.000,7.400,0.000,2013 PIT,2014 ARI,,,,,,,16,,ARI,26,,PIT
,583,Josh Morgan,WR,4.400,0.000,7.100,0.000,2013 WAS,2014 CHI,,,,,,,16,,CHI,23,,WAS
,640,Joe Morgan,WR,2.560,0.000,4.800,0.000,2014 NOR,2014 NOR,,,,,,,16,,NOR,,,
,647,Robert Hughes,RB,2.400,0.000,4.500,0.000,2014 ARI,2014 ARI,,,,,,,15,,ARI,,,
,508,Joseph Fauria,TE,7.760,0.000,11.200,0.000,2013 DET,2014 DET,,,,,,,15,,DET,67,,DET
,649,Brian Tyms,WR,2.320,0.000,4.300,0.000,2014 NWE,2014 NWE,,,,,,,14,,NWE,1,,2TM
,504,Dennis Pitta,TE,8.039,0.000,6.200,0.000,2013 BAL,2014 BAL,10.84,0.000,Bal,,,,13,,BAL,23,,BAL
,659,Marion Grice,RB,2.080,0.000,3.900,0.000,2014 ARI,2014 ARI,,,,,,,13,,ARI,,,
,658,John Conner,RB,2.160,0.000,3.900,0.000,2014 NYJ,2014 NYJ,,,,,,,12,,NYJ,3,,NYG
,537,Santana Moss,WR,6.400,0.000,9.200,0.000,2013 WAS,2014 WAS,,,,,,,12,,WAS,56,,WAS
,570,Logan Paulsen,WR,5.200,0.000,7.700,0.000,2013 WAS,2014 WAS,,,,,,,12,,WAS,41,,WAS
,660,Dante Rosario,TE,2.000,0.000,3.700,0.000,2014 CHI,2014 CHI,,,,,,,12,,CHI,1,,CHI
,463,Christian Ponder,QB,10.480,0.000,14.300,0.000,2013 MIN,2014 MIN,,,,,,,12,,MIN,107,,MIN
,621,Jed Collins,RB,3.200,0.000,5.200,0.000,2013 NOR,2014 DET,,,,,,,12,,DET,16,,NOR
,664,Robert Herron,WR,1.920,0.000,3.600,0.000,2014 TAM,2014 TAM,,,,,,,12,,TAM,,,
,666,James Wright,WR,1.920,0.000,3.600,0.000,2014 CIN,2014 CIN,,,,,,,12,,CIN,,,
,596,Ronnie Brown,RB,4.000,0.000,6.100,0.000,2013 SDG,2014 2TM,,,,,,,11,,2TM,28,,SDG
,538,Jacoby Jones,WR,6.400,0.000,9.100,0.000,2013 BAL,2014 BAL,,,,,,,11,,BAL,58,,BAL
,564,Robert Meachem,WR,5.280,0.000,7.700,0.000,2013 NOR,2014 NOR,,,,,,,11,,NOR,44,,NOR
,520,Chris Ogbonnaya,RB,7.200,0.000,10.100,0.000,2013 CLE,2014 2TM,,,,,,,11,,2TM,68,,CLE
,682,Adrien Robinson,TE,1.760,0.000,3.300,0.000,2014 NYG,2014 NYG,,,,,,,11,,NYG,,,NYG
,611,Junior Hemingway,WR,3.600,0.000,5.600,0.000,2013 KAN,2014 KAN,,,,,,,11,,KAN,23,,KAN
,677,Corey Washington,WR,1.760,0.000,3.300,0.000,2014 NYG,2014 NYG,,,,,,,11,,NYG,,,
,678,Darrin Reaves,RB,1.760,0.000,3.300,0.000,2014 CAR,2014 CAR,,,,,,,11,,CAR,,,
,614,Jackie Battle,RB,3.520,0.000,5.400,0.000,2013 TEN,2014 TEN,,,,,,,10,,TEN,24,,TEN
,476,Denarius Moore,WR,9.600,0.000,13.000,0.000,2013 OAK,2014 OAK,,,,,,,10,,OAK,100,,OAK
,550,David Nelson,WR,5.760,0.000,8.100,0.000,2013 NYJ,2014 NYJ,,,,,,,9,,NYJ,54,,NYJ
,615,Frank Summers,RB,3.440,0.000,5.200,0.000,2013 BUF,2014 BUF,,,,,,,9,,BUF,25,,BUF
,641,A.J. Jenkins,WR,2.560,0.000,4.100,0.000,2013 KAN,2014 KAN,,,,,,,9,,KAN,14,,KAN
,662,Cyrus Gray,RB,2.000,0.000,3.400,0.000,2014 KAN,2014 KAN,,,,,,,9,,KAN,7,,KAN
,665,Zach Sudfeld,TE,1.920,0.000,3.300,0.000,2014 NYJ,2014 NYJ,,,,,,,9,,NYJ,6,,2TM
,252,Zach Miller,TE,41.897,0.000,9.300,0.000,2013 SEA,2014 SEA,92.36,0.000,Chi,,,,8,,SEA,69,,SEA
,697,Will Ta'ufo'ou,RB,1.600,0.000,2.800,0.000,2014 JAX,2014 JAX,,,,,,,8,,JAX,4,,JAX
,679,Dane Sanzenbacher,WR,1.760,0.000,3.000,0.000,2014 CIN,2014 CIN,,,,,,,8,,CIN,6,,CIN
,562,Santonio Holmes,WR,5.280,0.000,7.300,0.000,2013 NYJ,2014 CHI,,,,,,,7,,CHI,52,,NYJ
,700,Erik Lorig,RB,1.520,0.000,2.600,0.000,2014 NOR,2014 NOR,,,,,,,7,,NOR,5,,TAM
,548,Greg Little,WR,5.840,0.000,8.000,0.000,2013 CLE,2014 CIN,,,,,,,7,,CIN,59,,CLE
,555,Mike Brown,WR,5.520,0.000,7.600,0.000,2013 JAX,2014 JAX,,,,,,,7,,JAX,55,,JAX
,719,Justin Brown,WR,1.120,0.000,2.100,0.000,2014 PIT,2014 PIT,,,,,,,7,,PIT,,,
,720,Logan Thomas,QB,1.120,0.000,2.100,0.000,2014 ARI,2014 ARI,,,,,,,7,,ARI,,,
,724,Michael Palmer,TE,1.040,0.000,1.900,0.000,2014 PIT,2014 PIT,,,,,,,6,,PIT,1,,PIT
,646,Brandon Bostick,TE,2.400,0.000,3.600,0.000,2013 GNB,2014 GNB,,,,,,,6,,GNB,18,,GNB
,600,Kevin Ogletree,WR,3.920,0.000,5.400,0.000,2013 2TM,2014 NYG,,,,,,,5,,NYG,39,,2TM
,553,Kris Durham,WR,5.680,0.000,7.600,0.000,2013 DET,2014 TEN,,,,,,,5,,TEN,61,,DET
,671,Jeff Maehl,WR,1.840,0.000,2.800,0.000,2013 PHI,2014 PHI,,,,,,,5,,PHI,13,,PHI
,670,James Develin,RB,1.840,0.000,2.800,0.000,2013 NWE,2014 NWE,,,,,,,5,,NWE,13,,NWE
,572,Jerrel Jernigan,WR,5.040,0.000,6.700,0.000,2013 NYG,2014 NYG,,,,,,,4,,NYG,55,,NYG
,559,Ace Sanders,WR,5.440,0.000,7.200,0.000,2013 JAX,2014 JAX,,,,,,,4,,JAX,60,,JAX
,718,Michael Cox,RB,1.120,0.000,1.800,0.000,2013 NYG,2014 NYG,,,,,,,4,,NYG,6,,NYG
,756,Connor Shaw,QB,0.640,0.000,1.200,0.000,2014 CLE,2014 CLE,,,,,,,4,,CLE,,,
,680,Alfonso Smith,RB,1.760,0.000,2.500,0.000,2013 ARI,2014 SFO,,,,,,,3,,SFO,16,,ARI
,712,Ryan Broyles,WR,1.200,0.000,1.800,0.000,2013 DET,2014 DET,,,,,,,3,,DET,9,,DET
,681,DeVier Posey,WR,1.760,0.000,2.500,0.000,2013 HOU,2014 HOU,,,,,,,3,,HOU,16,,HOU
,560,Mike James,RB,5.386,0.000,4.700,0.000,2013 TAM,2014 TAM,4.91,0.000,TB,,,,3,,TAM,38,,TAM
,622,Brian Leonard,RB,3.200,0.000,4.200,0.000,2013 TAM,2014 NOR,,,,,,,2,,NOR,36,,TAM
,755,Kevin Brock,TE,0.640,0.000,1.000,0.000,2013 2TM,2014 CIN,,,,,,,2,,CIN,4,,2TM
,735,Taylor Thompson,TE,0.880,0.000,1.300,0.000,2013 TEN,2014 TEN,,,,,,,2,,TEN,7,,TEN
,519,Jarrett Boykin,WR,7.200,0.000,9.200,0.000,2013 GNB,2014 GNB,,,,,,,2,,GNB,86,,GNB
,736,Jeremy Stewart,RB,0.880,0.000,1.300,0.000,2013 OAK,2014 DEN,,,,,,,2,,DEN,7,,OAK
,721,Matt Simms,QB,1.120,0.000,1.600,0.000,2013 NYJ,2014 NYJ,,,,,,,2,,NYJ,10,,NYJ
,796,Kiero Small,,0.320,0.000,0.600,0.000,2014 2TM,2014 2TM,,,,,,,2,,2TM,,,
,797,Gator Hoskins,TE,0.320,0.000,0.600,0.000,2014 2TM,2014 2TM,,,,,,,2,,2TM,,,
,798,Ray Agnew,RB,0.320,0.000,0.600,0.000,2014 CLE,2014 CLE,,,,,,,2,,CLE,,,
,799,Solomon Patton,WR,0.320,0.000,0.600,0.000,2014 2TM,2014 2TM,,,,,,,2,,2TM,,,
,795,Josh Harris,RB,0.320,0.000,0.600,0.000,2014 PIT,2014 PIT,,,,,,,2,,PIT,,,
,484,Jason Campbell,QB,9.360,0.000,11.800,0.000,2013 CLE,2014 CIN,,,,,,,1,,CIN,115,,CLE
,738,Josh Cribbs,WR,0.800,0.000,1.100,0.000,2013 NYJ,2014 IND,,,,,,,1,,IND,8,,NYJ
,826,Courtney Roby,WR,0.160,0.000,0.300,0.000,2014 ATL,2014 ATL,,,,,,,1,,ATL,,,
,771,Brad Smith,WR,0.400,0.000,0.600,0.000,2013 2TM,2014 PHI,,,,,,,1,,PHI,3,,2TM
,824,Micheal Spurlock,WR,0.160,0.000,0.300,0.000,2014 CHI,2014 CHI,,,,,,,1,,CHI,,,2TM
,705,Damian Williams,WR,1.440,0.000,1.900,0.000,2013 TEN,2014 2TM,,,,,,,1,,2TM,16,,TEN
,597,Aldrick Robinson,WR,4.000,0.000,5.100,0.000,2013 WAS,2014 2TM,,,,,,,1,,2TM,48,,WAS
,823,David Ausberry,TE,0.160,0.000,0.300,0.000,2014 OAK,2014 OAK,,,,,,,1,,OAK,,,
,814,Henry Hynoski,RB,0.240,0.000,0.400,0.000,2014 NYG,2014 NYG,,,,,,,1,,NYG,1,,NYG
,825,Tavarres King,WR,0.160,0.000,0.300,0.000,2014 2TM,2014 2TM,,,,,,,1,,2TM,,,
,766,Tony Fiammetta,,0.480,0.000,0.600,0.000,2013 CHI,2014 CHI,,,,,,,,,CHI,6,,CHI
,845,Bruce Gradkowski,QB,0.000,0.000,0.000,0.000,2014 PIT,2014 PIT,,,,,,,,,PIT,,,
,846,Elbert Mack,,0.000,0.000,0.000,0.000,2014 HOU,2014 HOU,,,,,,,,,HOU,,,HOU
,821,Kassim Osgood,,0.160,0.000,0.200,0.000,2013 SFO,2014 SFO,,,,,,,,,SFO,2,,SFO
,848,Montell Owens,,0.000,0.000,0.000,0.000,2014 2TM,2014 2TM,,,,,,,,,2TM,,,DET
,849,Jordan Palmer,QB,0.000,0.000,0.000,0.000,2014 TEN,2014 TEN,,,,,,,,,TEN,,,
,850,Jalen Parmele,RB,0.000,0.000,0.000,0.000,2014 ARI,2014 ARI,,,,,,,,,ARI,,,
,851,George Wilson,,0.000,0.000,0.000,0.000,2014 TEN,2014 TEN,,,,,,,,,TEN,,,TEN
,802,Ryan Taylor,,0.240,0.000,0.300,0.000,2013 GNB,2014 3TM,,,,,,,,,3TM,3,,GNB
,770,Weslye Saunders,,0.400,0.000,0.500,0.000,2013 IND,2014 IND,,,,,,,,,IND,5,,IND
,734,Phillip Tanner,,0.880,0.000,1.100,0.000,2013 DAL,2014 2TM,,,,,,,,,2TM,11,,DAL
,855,Evan Rodriguez,,0.000,0.000,0.000,0.000,2014 TAM,2014 TAM,,,,,,,,,TAM,,,BUF
,856,Tommy Streeter,,0.000,0.000,0.000,0.000,2014 JAX,2014 JAX,,,,,,,,,JAX,,,
,633,Edwin Baker,RB,2.800,0.000,3.500,0.000,2013 3TM,2014 NOR,,,,,,,,,NOR,35,,3TM
,801,Dominique Jones,,0.240,0.000,0.300,0.000,2013 2TM,2014 DEN,,,,,,,,,DEN,3,,2TM
,859,LaRon Byrd,,0.000,0.000,0.000,0.000,2014 2TM,2014 2TM,,,,,,,,,2TM,,,
,860,Gerrell Robinson,,0.000,0.000,0.000,0.000,2014 2TM,2014 2TM,,,,,,,,,2TM,,,
,861,De'Andre Presley,WR,0.000,0.000,0.000,0.000,2014 CAR,2014 CAR,,,,,,,,,CAR,,,
,862,Phil Bates,,0.000,0.000,0.000,0.000,2014 2TM,2014 2TM,,,,,,,,,2TM,,,
,827,Matt Barkley,QB,0.160,0.000,0.200,0.000,2013 PHI,2014 PHI,,,,,,,,,PHI,2,,PHI
,864,Cobi Hamilton,,0.000,0.000,0.000,0.000,2014 2TM,2014 2TM,,,,,,,,,2TM,,,
,726,Josh Boyce,,0.960,0.000,1.200,0.000,2013 NWE,2014 NWE,,,,,,,,,NWE,12,,NWE
,866,Rodney Smith,,0.000,0.000,0.000,0.000,2014 2TM,2014 2TM,,,,,,,,,2TM,,,MIN
,867,Onterio McCalebb,,0.000,0.000,0.000,0.000,2014 CIN,2014 CIN,,,,,,,,,CIN,,,
,868,Kevin Dorsey,WR,0.000,0.000,0.000,0.000,2014 GNB,2014 GNB,,,,,,,,,GNB,,,
,869,Keavon Milton,,0.000,0.000,0.000,0.000,2014 SEA,2014 SEA,,,,,,,,,SEA,,,CLE
,772,Michael Hill,,0.400,0.000,0.500,0.000,2013 2TM,2014 3TM,,,,,,,,,3TM,5,,2TM
,871,Chris Pantale,,0.000,0.000,0.000,0.000,2014 NYJ,2014 NYJ,,,,,,,,,NYJ,,,
,872,Julian Talley,,0.000,0.000,0.000,0.000,2014 NYG,2014 NYG,,,,,,,,,NYG,,,NYG
,873,Alex Bayer,,0.000,0.000,0.000,0.000,2014 STL,2014 STL,,,,,,,,,STL,,,
,874,Tom Savage,QB,0.000,0.000,0.000,0.000,2014 HOU,2014 HOU,,,,,,,,,HOU,,,
,875,Senorise Perry,RB,0.000,0.000,0.000,0.000,2014 CHI,2014 CHI,,,,,,,,,CHI,,,
,876,Jerome Smith,,0.000,0.000,0.000,0.000,2014 ATL,2014 ATL,,,,,,,,,ATL,,,
,877,Blake Annen,,0.000,0.000,0.000,0.000,2014 CHI,2014 CHI,,,,,,,,,CHI,,,
,878,Freddie Martino,,0.000,0.000,0.000,0.000,2014 ATL,2014 ATL,,,,,,,,,ATL,,,
,879,Jordan Thompson,,0.000,0.000,0.000,0.000,2014 DET,2014 DET,,,,,,,,,DET,,,
,880,Rashaun Allen,,0.000,0.000,0.000,0.000,2014 SEA,2014 SEA,,,,,,,,,SEA,,,
,918,Chris Williams,WR,-0.160,0.000,-0.300,0.000,2014 CHI,2014 CHI,,,,,,,-1,,CHI,,,
,919,Jalen Saunders,WR,-0.160,0.000,-0.300,0.000,2014 4TM,2014 4TM,,,,,,,-1,,4TM,,,
,920,Pat O'Donnell,WR,-0.160,0.000,-0.300,0.000,2014 CHI,2014 CHI,,,,,,,-1,,CHI,,,
,544,Matt Flynn,QB,5.920,0.000,7.200,0.000,2013 3TM,2014 GNB,,,,,,,-2,,GNB,78,,3TM
,926,Tauren Poole,RB,-0.320,0.000,-0.600,0.000,2014 3TM,2014 3TM,,,,,,,-2,,3TM,,,
,927,Isaiah Burse,,-0.320,0.000,-0.600,0.000,2014 DEN,2014 DEN,,,,,,,-2,,DEN,,,
,114,Tony Gonzalez,TE,10.880,3.440,13.600,4.300,2013 ATL,2013 ATL,,,,,,,,,,136,43,ATL
,468,Rashard Mendenhall,RB,10.080,0.000,12.600,0.000,2013 ARI,2013 ARI,,,,,,,,,,126,,ARI
,475,Ray Rice,RB,9.600,0.000,12.000,0.000,2013 BAL,2013 BAL,,,,,,,,,,120,,BAL
,485,BenJarvus Green-Ellis,RB,9.280,0.000,11.600,0.000,2013 CIN,2013 CIN,,,,,,,,,,116,,CIN
,545,Andre Brown,RB,5.920,0.000,7.400,0.000,2013 NYG,2013 NYG,,,,,,,,,,74,,NYG
,558,Tiquan Underwood,WR,5.440,0.000,6.800,0.000,2013 TAM,2013 TAM,,,,,,,,,,68,,TAM
,574,Jason Snelling,RB,4.960,0.000,6.200,0.000,2013 ATL,2013 ATL,,,,,,,,,,62,,ATL
,578,Thaddeus Lewis,QB,4.720,0.000,5.900,0.000,2013 BUF,2013 BUF,,,,,,,,,,59,,BUF
,591,Dallas Clark,TE,4.160,0.000,5.200,0.000,2013 BAL,2013 BAL,,,,,,,,,,52,,BAL
,593,Nate Burleson,WR,4.080,0.000,5.100,0.000,2013 DET,2013 DET,,,,,,,,,,51,,DET
,592,Kellen Winslow,TE,4.080,0.000,5.100,0.000,2013 NYJ,2013 NYJ,,,,,,,,,,51,,NYJ
,598,Earl Bennett,WR,4.000,0.000,5.000,0.000,2013 CHI,2013 CHI,,,,,,,,,,50,,CHI
,595,Willis McGahee,RB,4.000,0.000,5.000,0.000,2013 CLE,2013 CLE,,,,,,,,,,50,,CLE
,601,Michael Bush,RB,3.920,0.000,4.900,0.000,2013 CHI,2013 CHI,,,,,,,,,,49,,CHI
,599,Justin Blackmon,WR,3.920,0.000,4.900,0.000,2013 JAX,2013 JAX,,,,,,,,,,49,,JAX
,604,Davone Bess,WR,3.840,0.000,4.800,0.000,2013 CLE,2013 CLE,,,,,,,,,,48,,CLE
,602,Jermichael Finley,TE,3.840,0.000,4.800,0.000,2013 GNB,2013 GNB,,,,,,,,,,48,,GNB
,607,Brandon Jacobs,RB,3.760,0.000,4.700,0.000,2013 NYG,2013 NYG,,,,,,,,,,47,,NYG
,619,Sean McGrath,TE,3.360,0.000,4.200,0.000,2013 KAN,2013 KAN,,,,,,,,,,42,,KAN
,624,Sidney Rice,WR,3.120,0.000,3.900,0.000,2013 SEA,2013 SEA,,,,,,,,,,39,,SEA
,626,Stephen Hill,WR,3.040,0.000,3.800,0.000,2013 NYJ,2013 NYJ,,,,,,,,,,38,,NYJ
,634,Drew Davis,WR,2.720,0.000,3.400,0.000,2013 ATL,2013 ATL,,,,,,,,,,34,,ATL
,635,Daryl Richardson,RB,2.720,0.000,3.400,0.000,2013 STL,2013 STL,,,,,,,,,,34,,STL
,642,Da'Rick Rogers,WR,2.480,0.000,3.100,0.000,2013 IND,2013 IND,,,,,,,,,,31,,IND
,650,Tandon Doss,WR,2.320,0.000,2.900,0.000,2013 BAL,2013 BAL,,,,,,,,,,29,,BAL
,648,Kerry Taylor,WR,2.320,0.000,2.900,0.000,2013 2TM,2013 2TM,,,,,,,,,,29,,2TM
,656,LaVon Brazill,WR,2.240,0.000,2.800,0.000,2013 IND,2013 IND,,,,,,,,,,28,,IND
,661,Darius Johnson,WR,2.000,0.000,2.500,0.000,2013 ATL,2013 ATL,,,,,,,,,,25,,ATL
,672,Felix Jones,RB,1.840,0.000,2.300,0.000,2013 PIT,2013 PIT,,,,,,,,,,23,,PIT
,669,Dennis Johnson,RB,1.840,0.000,2.300,0.000,2013 2TM,2013 2TM,,,,,,,,,,23,,2TM
,694,Jake Ballard,TE,1.600,0.000,2.000,0.000,2013 ARI,2013 ARI,,,,,,,,,,20,,ARI
,695,Stanley Havili,RB,1.600,0.000,2.000,0.000,2013 IND,2013 IND,,,,,,,,,,20,,IND
,701,Tashard Choice,RB,1.520,0.000,1.900,0.000,2013 2TM,2013 2TM,,,,,,,,,,19,,2TM
,917,Marcus Thigpen,RB,-0.080,0.000,-0.600,0.000,2013 MIA,2015 2TM,,,,-4,,2TM,,,,18,,MIA
,706,Johnathan Franklin,RB,1.440,0.000,1.800,0.000,2013 GNB,2013 GNB,,,,,,,,,,18,,GNB
,707,David Wilson,RB,1.360,0.000,1.700,0.000,2013 NYG,2013 NYG,,,,,,,,,,17,,NYG
,710,Michael Preston,WR,1.280,0.000,1.600,0.000,2013 TEN,2013 TEN,,,,,,,,,,16,,TEN
,717,Kyle Williams,WR,1.120,0.000,1.400,0.000,2013 2TM,2013 2TM,,,,,,,,,,14,,2TM
,725,Fred Davis,TE,1.040,0.000,1.300,0.000,2013 WAS,2013 WAS,,,,,,,,,,13,,WAS
,723,Vonta Leach,RB,1.040,0.000,1.300,0.000,2013 BAL,2013 BAL,,,,,,,,,,13,,BAL
,727,Domenik Hixon,WR,0.960,0.000,1.200,0.000,2013 CAR,2013 CAR,,,,,,,,,,12,,CAR
,728,Brandon Stokley,WR,0.960,0.000,1.200,0.000,2013 BAL,2013 BAL,,,,,,,,,,12,,BAL
,729,Clyde Gates,WR,0.960,0.000,1.200,0.000,2013 NYJ,2013 NYJ,,,,,,,,,,12,,NYJ
,730,Danny Noble,TE,0.960,0.000,1.200,0.000,2013 2TM,2013 2TM,,,,,,,,,,12,,2TM
,731,Jeff Tuel,QB,0.960,0.000,1.200,0.000,2013 BUF,2013 BUF,,,,,,,,,,12,,BUF
,733,Joel Dreessen,TE,0.880,0.000,1.100,0.000,2013 DEN,2013 DEN,,,,,,,,,,11,,DEN
,749,Jacoby Ford,WR,0.720,0.000,0.900,0.000,2013 OAK,2013 OAK,,,,,,,,,,9,,OAK
,750,Mario Manningham,WR,0.720,0.000,0.900,0.000,2013 SFO,2013 SFO,,,,,,,,,,9,,SFO
,751,Jeron Mastrud,TE,0.720,0.000,0.900,0.000,2013 OAK,2013 OAK,,,,,,,,,,9,,OAK
,748,Stephen Burton,WR,0.720,0.000,0.900,0.000,2013 JAX,2013 JAX,,,,,,,,,,9,,JAX
,757,Tom Crabtree,TE,0.640,0.000,0.800,0.000,2013 TAM,2013 TAM,,,,,,,,,,8,,TAM
,758,Mike Goodson,RB,0.640,0.000,0.800,0.000,2013 NYJ,2013 NYJ,,,,,,,,,,8,,NYJ
,759,Tony Scheffler,TE,0.640,0.000,0.800,0.000,2013 DET,2013 DET,,,,,,,,,,8,,DET
,760,David Paulson,TE,0.640,0.000,0.800,0.000,2013 PIT,2013 PIT,,,,,,,,,,8,,PIT
,752,Derek Moye,WR,0.640,0.000,0.800,0.000,2013 PIT,2013 PIT,,,,,,,,,,8,,PIT
,764,Michael Egnew,TE,0.560,0.000,0.700,0.000,2013 MIA,2013 MIA,,,,,,,,,,7,,MIA
,761,Nick Kasa,TE,0.560,0.000,0.700,0.000,2013 OAK,2013 OAK,,,,,,,,,,7,,OAK
,767,Austin Collie,WR,0.480,0.000,0.600,0.000,2013 NWE,2013 NWE,,,,,,,,,,6,,NWE
,768,Vick Ballard,RB,0.480,0.000,0.600,0.000,2013 IND,2013 IND,,,,,,,,,,6,,IND
,765,Josh Cooper,WR,0.480,0.000,0.600,0.000,2013 CLE,2013 CLE,,,,,,,,,,6,,CLE
,773,Deji Karim,RB,0.400,0.000,0.500,0.000,2013 HOU,2013 HOU,,,,,,,,,,5,,HOU
,774,Teddy Williams,WR,0.400,0.000,0.500,0.000,2013 ARI,2013 ARI,,,,,,,,,,5,,ARI
,769,Patrick Edwards,WR,0.400,0.000,0.500,0.000,2013 DET,2013 DET,,,,,,,,,,5,,DET
,800,Nate Byham,TE,0.320,0.000,0.400,0.000,2013 TAM,2013 TAM,,,,,,,,,,4,,TAM
,788,Greg Jones,RB,0.320,0.000,0.400,0.000,2013 HOU,2013 HOU,,,,,,,,,,4,,HOU
,789,Seneca Wallace,QB,0.320,0.000,0.400,0.000,2013 GNB,2013 GNB,,,,,,,,,,4,,GNB
,790,Alex Green,RB,0.320,0.000,0.400,0.000,2013 NYJ,2013 NYJ,,,,,,,,,,4,,NYJ
,791,Lestar Jean,WR,0.320,0.000,0.400,0.000,2013 HOU,2013 HOU,,,,,,,,,,4,,HOU
,792,Allen Reisner,TE,0.320,0.000,0.400,0.000,2013 JAX,2013 JAX,,,,,,,,,,4,,JAX
,793,Jeff Demps,RB,0.320,0.000,0.400,0.000,2013 TAM,2013 TAM,,,,,,,,,,4,,TAM
,794,Eric Page,WR,0.320,0.000,0.400,0.000,2013 TAM,2013 TAM,,,,,,,,,,4,,TAM
,803,Le'Ron McClain,RB,0.240,0.000,0.300,0.000,2013 SDG,2013 SDG,,,,,,,,,,3,,SDG
,804,Isaac Redman,RB,0.240,0.000,0.300,0.000,2013 PIT,2013 PIT,,,,,,,,,,3,,PIT
,805,Michael Robinson,RB,0.240,0.000,0.300,0.000,2013 SEA,2013 SEA,,,,,,,,,,3,,SEA
,806,LaRod Stephens-Howling,RB,0.240,0.000,0.300,0.000,2013 PIT,2013 PIT,,,,,,,,,,3,,PIT
,807,Jonathan Baldwin,WR,0.240,0.000,0.300,0.000,2013 SFO,2013 SFO,,,,,,,,,,3,,SFO
,808,Bradie Ewing,RB,0.240,0.000,0.300,0.000,2013 ATL,2013 ATL,,,,,,,,,,3,,ATL
,809,Juron Criner,WR,0.240,0.000,0.300,0.000,2013 OAK,2013 OAK,,,,,,,,,,3,,OAK
,810,Dominique Davis,QB,0.240,0.000,0.300,0.000,2013 ATL,2013 ATL,,,,,,,,,,3,,ATL
,811,Collin Mooney,RB,0.240,0.000,0.300,0.000,2013 TEN,2013 TEN,,,,,,,,,,3,,TEN
,812,Skye Dawson,WR,0.240,0.000,0.300,0.000,2013 TAM,2013 TAM,,,,,,,,,,3,,TAM
,813,Lamaar Thomas,WR,0.240,0.000,0.300,0.000,2013 JAX,2013 JAX,,,,,,,,,,3,,JAX
,828,Billy Bajema,TE,0.160,0.000,0.200,0.000,2013 BAL,2013 BAL,,,,,,,,,,2,,BAL
,829,Chad Hall,WR,0.160,0.000,0.200,0.000,2013 KAN,2013 KAN,,,,,,,,,,2,,KAN
,830,Josh Johnson,QB,0.160,0.000,0.200,0.000,2013 CIN,2013 CIN,,,,,,,,,,2,,CIN
,831,Bernard Scott,RB,0.160,0.000,0.200,0.000,2013 2TM,2013 2TM,,,,,,,,,,2,,2TM
,817,Kory Sperry,TE,0.160,0.000,0.200,0.000,2013 ARI,2013 ARI,,,,,,,,,,2,,ARI
,818,Tori Gurley,WR,0.160,0.000,0.200,0.000,2013 CLE,2013 CLE,,,,,,,,,,2,,CLE
,819,Jeremy Ebert,WR,0.160,0.000,0.200,0.000,2013 JAX,2013 JAX,,,,,,,,,,2,,JAX
,820,Ray Graham,RB,0.160,0.000,0.200,0.000,2013 2TM,2013 2TM,,,,,,,,,,2,,2TM
,832,Armanti Edwards,WR,0.080,0.000,0.100,0.000,2013 2TM,2013 2TM,,,,,,,,,,1,,2TM
,833,Ben Obomanu,WR,0.080,0.000,0.100,0.000,2013 NYJ,2013 NYJ,,,,,,,,,,1,,NYJ
,834,Mikel Leshoure,RB,0.080,0.000,0.100,0.000,2013 DET,2013 DET,,,,,,,,,,1,,DET
,835,Mike McNeill,TE,0.080,0.000,0.100,0.000,2013 STL,2013 STL,,,,,,,,,,1,,STL
,836,Armond Smith,RB,0.080,0.000,0.100,0.000,2013 CAR,2013 CAR,,,,,,,,,,1,,CAR
,837,Konrad Reuland,TE,0.080,0.000,0.100,0.000,2013 NYJ,2013 NYJ,,,,,,,,,,1,,NYJ
,838,Kevin Cone,WR,0.080,0.000,0.100,0.000,2013 ATL,2013 ATL,,,,,,,,,,1,,ATL
,839,Orson Charles,TE,0.080,0.000,0.100,0.000,2013 CIN,2013 CIN,,,,,,,,,,1,,CIN
,840,Ronnie Wingo,RB,0.080,0.000,0.100,0.000,2013 BUF,2013 BUF,,,,,,,,,,1,,BUF
,890,Kahlil Bell,,0.000,0.000,0.000,0.000,2013 GNB,2013 GNB,,,,,,,,,,,,GNB
,891,Ben Hartsock,,0.000,0.000,0.000,0.000,2013 CAR,2013 CAR,,,,,,,,,,,,CAR
,892,Lavelle Hawkins,,0.000,0.000,0.000,0.000,2013 SDG,2013 SDG,,,,,,,,,,,,SDG
,893,Quinn Johnson,,0.000,0.000,0.000,0.000,2013 TEN,2013 TEN,,,,,,,,,,,,TEN
,894,David Reed,WR,0.000,0.000,0.000,0.000,2013 IND,2013 IND,,,,,,,,,,,,IND
,895,Brian Robiskie,,0.000,0.000,0.000,0.000,2013 ATL,2013 ATL,,,,,,,,,,,,ATL
,896,Visanthe Shiancoe,TE,0.000,0.000,0.000,0.000,2013 TEN,2013 TEN,,,,,,,,,,,,TEN
,897,Josh Vaughan,RB,0.000,0.000,0.000,0.000,2013 ATL,2013 ATL,,,,,,,,,,,,ATL
,898,Stephen Williams,,0.000,0.000,0.000,0.000,2013 2TM,2013 2TM,,,,,,,,,,,,2TM
,899,Lance Lewis,,0.000,0.000,0.000,0.000,2013 2TM,2013 2TM,,,,,,,,,,,,2TM
,900,Delone Carter,,0.000,0.000,0.000,0.000,2013 JAX,2013 JAX,,,,,,,,,,,,JAX
,901,Ryan Whalen,,0.000,0.000,0.000,0.000,2013 CIN,2013 CIN,,,,,,,,,,,,CIN
,902,Evan Royster,RB,0.000,0.000,0.000,0.000,2013 WAS,2013 WAS,,,,,,,,,,,,WAS
,903,Will Yeatman,,0.000,0.000,0.000,0.000,2013 MIA,2013 MIA,,,,,,,,,,,,MIA
,904,Chris Rainey,,0.000,0.000,0.000,0.000,2013 IND,2013 IND,,,,,,,,,,,,IND
,905,B.J. Cunningham,,0.000,0.000,0.000,0.000,2013 PHI,2013 PHI,,,,,,,,,,,,PHI
,906,Marvin McNutt,,0.000,0.000,0.000,0.000,2013 2TM,2013 2TM,,,,,,,,,,,,2TM
,907,Brad Smelley,,0.000,0.000,0.000,0.000,2013 HOU,2013 HOU,,,,,,,,,,,,HOU
,908,Matt Veldman,,0.000,0.000,0.000,0.000,2013 2TM,2013 2TM,,,,,,,,,,,,2TM
,909,Joe Anderson,,0.000,0.000,0.000,0.000,2013 CHI,2013 CHI,,,,,,,,,,,,CHI
,910,Jake Byrne,,0.000,0.000,0.000,0.000,2013 3TM,2013 3TM,,,,,,,,,,,,3TM
,911,Chris Harper,,0.000,0.000,0.000,0.000,2013 2TM,2013 2TM,,,,,,,,,,,,2TM
,912,Michael Ford,,0.000,0.000,0.000,0.000,2013 CHI,2013 CHI,,,,,,,,,,,,CHI
,913,D.C. Jefferson,,0.000,0.000,0.000,0.000,2013 ARI,2013 ARI,,,,,,,,,,,,ARI
,914,Ryan Spadola,,0.000,0.000,0.000,0.000,2013 2TM,2013 2TM,,,,,,,,,,,,2TM
,915,Matthew Tucker,,0.000,0.000,0.000,0.000,2013 PHI,2013 PHI,,,,,,,,,,,,PHI
,843,Tobais Palmer,,0.000,0.000,0.000,0.000,2013 2TM,2013 2TM,,,,,,,,,,,,2TM
,844,Justin Veltung,,0.000,0.000,0.000,0.000,2013 STL,2013 STL,,,,,,,,,,,,STL
,921,Curtis Painter,QB,-0.160,0.000,-0.200,0.000,2013 NYG,2013 NYG,,,,,,,,,,-2,,NYG
,922,Devon Wylie,,-0.160,0.000,-0.200,0.000,2013 5TM,2013 5TM,,,,,,,,,,-2,,5TM
,923,Greg Jenkins,,-0.160,0.000,-0.200,0.000,2013 OAK,2013 OAK,,,,,,,,,,-2,,OAK
,925,Trindon Holliday,WR,-0.240,0.000,-0.300,0.000,2013 DEN,2013 DEN,,,,,,,,,,-3,,DEN
,50,Ezekiel Elliott,RB,78.113,22.074,undefined,undefined,,,205.56,58.090,Dal,,,,,,,,,
,204,Dak Prescott,QB,60.059,0.000,undefined,undefined,,,158.05,0.000,Dal,,,,,,,,,
,226,Sterling Shepard,WR,49.134,0.000,undefined,undefined,,,129.30,0.000,NYG,,,,,,,,,
,249,Corey Coleman,WR,42.408,0.000,undefined,undefined,,,111.60,0.000,Cle,,,,,,,,,
,254,Michael Thomas,WR,41.663,0.000,undefined,undefined,,,109.64,0.000,NO,,,,,,,,,
,255,Kevin White,WR,40.850,0.000,undefined,undefined,,,107.50,0.000,Chi,,,,,,,,,
,259,Derrick Henry,RB,38.407,0.000,undefined,undefined,,,101.07,0.000,Ten,,,,,,,,,
,264,Will Fuller,WR,37.780,0.000,undefined,undefined,,,99.42,0.000,Hou,,,,,,,,,
,267,Laquon Treadwell,WR,37.217,0.000,undefined,undefined,,,97.94,0.000,Min,,,,,,,,,
,277,Jordan Howard,RB,35.340,0.000,undefined,undefined,,,93.00,0.000,Chi,,,,,,,,,
,280,Tyler Boyd,WR,35.101,0.000,undefined,undefined,,,92.37,0.000,Cin,,,,,,,,,
,288,Tajae Sharpe,WR,33.847,0.000,undefined,undefined,,,89.07,0.000,Ten,,,,,,,,,
,310,Breshad Perriman,WR,29.287,0.000,undefined,undefined,,,77.07,0.000,Bal,,,,,,,,,
,311,Josh Doctson,WR,28.986,0.000,undefined,undefined,,,76.28,0.000,Was,,,,,,,,,
,313,Devontae Booker,RB,28.781,0.000,undefined,undefined,,,75.74,0.000,Den,,,,,,,,,
,322,Paul Perkins,RB,26.345,0.000,undefined,undefined,,,69.33,0.000,NYG,,,,,,,,,
,663,Logan Paulsen,TE,1.938,0.000,undefined,undefined,,,5.10,0.000,Was,,,,,,,,,
,349,Pharoh Cooper,WR,21.858,0.000,undefined,undefined,,,57.52,0.000,LA,,,,,,,,,
,360,Eli Rogers,WR,20.189,0.000,undefined,undefined,,,53.13,0.000,Pit,,,,,,,,,
,362,DeAndre Washington,RB,20.015,0.000,undefined,undefined,,,52.67,0.000,Oak,,,,,,,,,
,372,Rob Kelley,RB,18.118,0.000,undefined,undefined,,,47.68,0.000,Was,,,,,,,,,
,382,J.J. Nelson,WR,16.671,0.000,undefined,undefined,,,43.87,0.000,Ari,,,,,,,,,
,384,Josh Ferguson,RB,16.496,0.000,undefined,undefined,,,43.41,0.000,Ind,,,,,,,,,
,398,C.J. Prosise,RB,15.485,0.000,undefined,undefined,,,40.75,0.000,Sea,,,,,,,,,
,412,Hunter Henry,TE,14.090,0.000,undefined,undefined,,,37.08,0.000,SD,,,,,,,,,
,420,Braxton Miller,WR,13.638,0.000,undefined,undefined,,,35.89,0.000,Hou,,,,,,,,,
,423,TJ Jones,WR,13.536,0.000,undefined,undefined,,,35.62,0.000,Det,,,,,,,,,
,425,Quan Bray,WR,13.456,0.000,undefined,undefined,,,35.41,0.000,Ind,,,,,,,,,
,426,Leonte Carroo,WR,13.300,0.000,undefined,undefined,,,35.00,0.000,Mia,,,,,,,,,
,437,Tyler Ervin,RB,12.635,0.000,undefined,undefined,,,33.25,0.000,Hou,,,,,,,,,
,440,Paxton Lynch,QB,12.384,0.000,undefined,undefined,,,32.59,0.000,Den,,,,,,,,,
,443,DeAndre Smelter,WR,11.818,0.000,undefined,undefined,,,31.10,0.000,SF,,,,,,,,,
,456,Wendell Smallwood,RB,11.096,0.000,undefined,undefined,,,29.20,0.000,Phi,,,,,,,,,
,460,Austin Hooper,TE,10.663,0.000,undefined,undefined,,,28.06,0.000,Atl,,,,,,,,,
,465,Kenneth Dixon,RB,10.256,0.000,undefined,undefined,,,26.99,0.000,Bal,,,,,,,,,
,467,Carson Wentz,QB,10.218,0.000,undefined,undefined,,,26.89,0.000,Phi,,,,,,,,,
,477,Malcolm Mitchell,WR,9.523,0.000,undefined,undefined,,,25.06,0.000,NE,,,,,,,,,
,478,Jeff Heuerman,TE,9.523,0.000,undefined,undefined,,,25.06,0.000,Den,,,,,,,,,
,479,Rashard Higgins,WR,9.466,0.000,undefined,undefined,,,24.91,0.000,Cle,,,,,,,,,
,482,Tyler Higbee,TE,9.363,0.000,undefined,undefined,,,24.64,0.000,LA,,,,,,,,,
,497,Jared Goff,QB,8.466,0.000,undefined,undefined,,,22.28,0.000,LA,,,,,,,,,
,498,Trevone Boykin,QB,8.417,0.000,undefined,undefined,,,22.15,0.000,Sea,,,,,,,,,
,502,Kenyan Drake,RB,8.090,0.000,undefined,undefined,,,21.29,0.000,Mia,,,,,,,,,
,522,Dezmin Lewis,WR,7.121,0.000,undefined,undefined,,,18.74,0.000,Buf,,,,,,,,,
,523,Dreamius Smith,RB,7.053,0.000,undefined,undefined,,,18.56,0.000,SD,,,,,,,,,
,530,Charone Peake,WR,6.722,0.000,undefined,undefined,,,17.69,0.000,NYJ,,,,,,,,,
,584,Tyler Gaffney,RB,4.381,0.000,undefined,undefined,,,11.53,0.000,NE,,,,,,,,,
,588,Dwayne Washington,RB,4.252,0.000,undefined,undefined,,,11.19,0.000,Det,,,,,,,,,
,608,Jonathan Williams,RB,3.747,0.000,undefined,undefined,,,9.86,0.000,Buf,,,,,,,,,
,609,Chris Moore,WR,3.735,0.000,undefined,undefined,,,9.83,0.000,Bal,,,,,,,,,
,613,Nick Vannett,TE,3.561,0.000,undefined,undefined,,,9.37,0.000,Sea,,,,,,,,,
,616,Aaron Burbridge,WR,3.405,0.000,undefined,undefined,,,8.96,0.000,SF,,,,,,,,,
,617,Dres Anderson,WR,3.405,0.000,undefined,undefined,,,8.96,0.000,SF,,,,,,,,,
,620,Raheem Mostert,RB,3.302,0.000,undefined,undefined,,,8.69,0.000,Cle,,,,,,,,,
,631,MarQuez North,WR,2.861,0.000,undefined,undefined,,,7.53,0.000,LA,,,,,,,,,
,632,Tyreek Hill,WR,2.854,0.000,undefined,undefined,,,7.51,0.000,KC,,,,,,,,,
,639,George Atkinson,RB,2.561,0.000,undefined,undefined,,,6.74,0.000,Oak,,,,,,,,,
,655,Taylor Heinicke,QB,2.269,0.000,undefined,undefined,,,5.97,0.000,Min,,,,,,,,,
,657,Jerell Adams,TE,2.234,0.000,undefined,undefined,,,5.88,0.000,NYG,,,,,,,,,
,673,Ben Braunecker,TE,1.839,0.000,undefined,undefined,,,4.84,0.000,Chi,,,,,,,,,
,674,Roger Lewis,WR,1.801,0.000,undefined,undefined,,,4.74,0.000,NYG,,,,,,,,,
,675,Jordan Payton,WR,1.775,0.000,undefined,undefined,,,4.67,0.000,Cle,,,,,,,,,
,683,Erik Swoope,TE,1.729,0.000,undefined,undefined,,,4.55,0.000,Ind,,,,,,,,,
,684,Trevor Davis,WR,1.718,0.000,undefined,undefined,,,4.52,0.000,GB,,,,,,,,,
,685,Cardale Jones,QB,1.710,0.000,undefined,undefined,,,4.50,0.000,Buf,,,,,,,,,
,686,Kolby Listenbee,WR,1.706,0.000,undefined,undefined,,,4.49,0.000,Buf,,,,,,,,,
,689,Kenny Bell,WR,1.653,0.000,undefined,undefined,,,4.35,0.000,TB,,,,,,,,,
,690,Alex Collins,RB,1.645,0.000,undefined,undefined,,,4.33,0.000,Sea,,,,,,,,,
,698,AJ McCarron,QB,1.569,0.000,undefined,undefined,,,4.13,0.000,Cin,,,,,,,,,
,699,Cody Core,WR,1.524,0.000,undefined,undefined,,,4.01,0.000,Cin,,,,,,,,,
,708,Joshua Bellamy,WR,1.360,0.000,undefined,undefined,,,3.58,0.000,Chi,,,,,,,,,
