1,David Johnson*+\JohnDa08,ARI,RB,25,16,16,0,0,0,0,0,293,1239,4.23,16,120,80,879,10.99,4,328,416.8,367.8,196,1,1
2,Ezekiel Elliott*+\ElliEz00,DAL,RB,21,15,15,0,0,0,0,0,322,1631,5.07,15,39,32,363,11.34,1,293,332.4,309.4,162,2,2
3,LeSean McCoy*\McCoLe01,BUF,RB,28,15,15,0,0,0,0,0,234,1267,5.41,13,57,50,356,7.12,1,248,304.3,273.3,117,3,3
4,Aaron Rodgers*\RodgAa00,GNB,QB,33,16,16,401,610,4428,40,7,67,369,5.51,4,0,0,0,,0,382,397.0,387.0,114,1,4
5,DeMarco Murray*\MurrDe00,TEN,RB,28,16,16,1,2,10,1,0,293,1287,4.39,9,67,53,377,7.11,3,243,300.8,267.3,111,4,5
6,Le'Veon Bell*\BellLe00,PIT,RB,24,12,12,0,1,0,0,0,261,1268,4.86,7,94,75,616,8.21,2,242,324.4,279.9,111,5,6
7,Devonta Freeman*\FreeDe00,ATL,RB,24,16,16,0,0,0,0,0,227,1079,4.75,11,65,54,462,8.56,2,232,291.1,257.1,101,6,7
8,LeGarrette Blount\BlouLe00,NWE,RB,30,16,8,0,0,0,0,0,299,1161,3.88,18,8,7,38,5.43,0,226,236.9,229.4,94,7,8
9,Matt Ryan*+\RyanMa00,ATL,QB,31,16,16,373,534,4944,38,7,35,117,3.34,0,0,0,0,,0,355,362.5,354.5,88,2,9
10,Mike Evans*\EvanMi00,TAM,WR,23,16,16,0,0,0,0,0,0,0,,0,173,96,1321,13.76,12,208,307.1,256.1,82,1,10
11,Jordy Nelson\NelsJo00,GNB,WR,31,16,16,0,0,0,0,0,0,0,,0,152,97,1257,12.96,14,208,308.7,256.2,82,2,11
12,Antonio Brown*+\BrowAn04,PIT,WR,28,15,15,0,0,0,0,0,3,9,3.00,0,154,106,1284,12.11,12,207,310.3,254.3,81,3,12
13,Melvin Gordon*\GordMe00,SDG,RB,23,13,11,0,0,0,0,0,254,997,3.93,10,57,41,419,10.22,2,210,258.6,230.1,78,8,13
14,Jordan Howard*\HowaJo00,CHI,RB,22,15,13,0,0,0,0,0,252,1313,5.21,6,50,29,298,10.28,1,201,237.1,215.6,70,9,14
15,Odell Beckham*\BeckOd00,NYG,WR,24,16,16,0,0,0,0,0,1,9,9.00,0,169,101,1367,13.53,10,196,300.6,246.1,69,4,15
16,Drew Brees*\BreeDr00,NOR,QB,37,16,16,471,673,5208,37,15,23,20,0.87,2,0,0,0,,0,336,354.3,347.3,68,3,16
17,Mark Ingram\IngrMa01,NOR,RB,27,16,14,0,0,0,0,0,205,1043,5.09,6,58,46,319,6.93,4,198,250.2,219.2,67,10,17
18,T.Y. Hilton*\HiltT.00,IND,WR,27,16,16,0,0,0,0,0,0,0,,0,155,91,1448,15.91,6,185,276.8,228.3,59,5,18
19,Jay Ajayi*\AjayJa00,MIA,RB,23,15,12,0,0,0,0,0,260,1272,4.89,8,35,27,151,5.59,0,188,222.3,201.8,57,11,19
20,Julio Jones*+\JoneJu02,ATL,WR,27,14,14,0,0,0,0,0,0,0,,0,129,83,1409,16.98,6,179,262.9,218.4,53,6,20
21,Travis Kelce*+\KelcTr00,KAN,TE,27,16,15,0,0,0,0,0,1,-5,-5.00,0,117,85,1125,13.24,4,138,226.0,180.5,49,1,21
22,Davante Adams\AdamDa01,GNB,WR,24,16,15,0,0,0,0,0,0,0,,0,121,75,997,13.29,12,174,250.7,209.2,48,7,22
23,Frank Gore\GoreFr00,IND,RB,33,16,16,0,0,0,0,0,263,1025,3.90,4,47,38,277,7.29,4,176,221.2,195.2,45,12,23
24,Latavius Murray\MurrLa00,OAK,RB,26,14,12,0,0,0,0,0,195,788,4.04,12,43,33,264,8.00,0,175,215.2,191.7,44,13,24
25,Brandin Cooks\CookBr00,NOR,WR,23,16,12,0,0,0,0,0,6,30,5.00,0,117,78,1173,15.04,8,168,249.3,207.3,42,8,25
26,Greg Olsen*\OlseGr00,CAR,TE,31,16,16,0,0,0,0,0,0,0,,0,129,80,1073,13.41,3,131,210.3,167.3,42,2,26
27,Andrew Luck\LuckAn00,IND,QB,27,15,15,346,545,4240,31,13,64,341,5.33,2,0,0,0,,0,310,331.7,320.7,42,4,27
28,Kyle Rudolph\RudoKy00,MIN,TE,27,16,16,0,0,0,0,0,0,0,,0,132,83,840,10.12,7,128,212.0,167.5,39,3,28
29,Kirk Cousins*\CousKi00,WAS,QB,28,16,16,406,606,4917,25,12,34,96,2.82,4,0,0,0,,0,306,318.3,312.3,38,5,29
30,Michael Thomas\ThomMi05,NOR,WR,23,15,12,0,0,0,0,0,0,0,,0,121,92,1137,12.36,9,164,260.7,209.7,38,9,30
31,Doug Baldwin*\BaldDo00,SEA,WR,28,16,15,1,1,15,1,0,3,2,0.67,0,125,94,1128,12.00,7,162,256.6,206.6,35,10,31
32,Jimmy Graham*\GrahJi00,SEA,TE,30,16,15,0,0,0,0,0,1,0,0.00,0,95,65,923,14.20,6,124,194.3,156.8,35,4,32
33,Delanie Walker*\WalkHu00,TEN,TE,32,15,10,0,0,0,0,0,2,11,5.50,0,102,65,800,12.31,7,123,191.1,155.6,34,5,33
34,Isaiah Crowell\CrowIs00,CLE,RB,23,16,16,0,0,0,0,0,198,952,4.81,7,53,40,319,7.98,0,165,213.1,185.1,34,14,34
35,Carlos Hyde\HydeCa00,SFO,RB,26,13,13,0,0,0,0,0,217,988,4.55,6,33,27,163,6.04,3,165,201.1,178.6,34,15,35
36,Spencer Ware\WareSp00,KAN,RB,25,14,14,0,0,0,0,0,214,921,4.30,3,42,33,447,13.55,2,161,202.8,177.3,29,16,36
37,Lamar Miller\MillLa01,HOU,RB,25,14,14,0,0,0,0,0,268,1073,4.00,5,39,31,188,6.06,1,160,198.1,175.6,29,17,37
38,Tevin Coleman\ColeTe01,ATL,RB,23,13,0,0,0,0,0,0,118,520,4.41,8,40,31,421,13.58,3,160,197.1,175.6,29,18,38
39,Michael Crabtree\CrabMi00,OAK,WR,29,16,16,0,0,0,0,0,0,0,,0,145,89,1003,11.27,8,152,242.3,194.8,26,11,39
40,Amari Cooper*\CoopAm00,OAK,WR,22,16,14,0,0,0,0,0,1,0,0.00,0,132,83,1153,13.89,5,151,235.3,190.8,25,12,40
41,Dak Prescott*\PresDa01,DAL,QB,23,16,16,311,459,3667,23,4,57,282,4.95,6,0,0,0,,0,293,300.9,290.9,25,6,41
42,Cameron Brate\BratCa00,TAM,TE,25,15,10,0,0,0,0,0,0,0,,0,81,57,660,11.58,8,114,174.0,142.5,25,6,42
43,Martellus Bennett\BennMa00,NWE,TE,29,16,12,0,0,0,0,0,2,10,5.00,0,73,55,701,12.75,7,113,171.1,140.6,24,7,43
44,Jeremy Hill\HillJe01,CIN,RB,24,15,13,0,0,0,0,0,222,839,3.78,9,27,21,174,8.29,0,155,182.3,165.8,24,19,44
45,Todd Gurley\GurlTo01,LAR,RB,22,16,16,0,0,0,0,0,278,885,3.18,6,58,43,327,7.60,0,155,205.2,176.7,24,20,45
46,Rishard Matthews\MattRi00,TEN,WR,27,16,10,0,0,0,0,0,0,0,,0,108,65,945,14.54,9,149,215.5,179.0,22,13,46
47,Matt Forte\FortMa00,NYJ,RB,31,14,13,0,0,0,0,0,218,813,3.73,7,43,30,263,8.77,1,154,190.6,168.6,22,21,47
48,Tyrell Williams\WillTy00,SDG,WR,24,16,12,0,0,0,0,0,0,0,,0,119,69,1059,15.35,7,148,219.9,182.4,22,14,48
49,Zach Ertz\ErtzZa00,PHI,TE,26,14,12,0,0,0,0,0,0,0,,0,106,78,816,10.46,4,106,186.6,144.6,16,8,49
50,Jordan Reed*\ReedJo02,WAS,TE,26,12,8,0,0,0,0,0,0,0,,0,89,66,686,10.39,6,105,172.6,135.6,15,9,50
51,Matthew Stafford\StafMa00,DET,QB,28,16,16,388,594,4327,24,10,37,207,5.59,2,1,0,0,,0,282,297.8,289.8,14,7,51
52,Bilal Powell\PoweBi00,NYJ,WR,28,16,4,0,0,0,0,0,131,722,5.51,3,74,58,388,6.69,2,139,204.0,168.0,13,15,52
53,Terrelle Pryor\PryoTe00,CLE,WR,27,16,15,5,9,41,0,0,8,21,2.63,1,140,77,1007,13.08,4,138,216.4,174.9,12,16,53
54,Tyreek Hill*+\HillTy00,KAN,WR,22,16,1,0,0,0,0,0,24,267,11.13,3,83,61,593,9.72,6,138,224.0,186.5,12,17,54
55,Jarvis Landry*\LandJa00,MIA,WR,24,16,16,0,1,0,0,0,5,17,3.40,0,131,94,1136,12.09,4,137,236.3,184.3,11,18,55
56,Larry Fitzgerald*\FitzLa00,ARI,WR,33,16,16,0,1,0,0,0,2,5,2.50,0,150,107,1023,9.56,6,137,247.8,190.3,11,19,56
57,Demaryius Thomas*\ThomDe03,DEN,WR,29,16,16,0,0,0,0,0,0,0,,0,144,90,1083,12.03,5,136,231.3,181.3,10,20,57
58,Kelvin Benjamin\BenjKe00,CAR,WR,25,16,13,0,0,0,0,0,0,0,,0,118,63,941,14.94,7,134,201.1,165.6,8,21,58
59,Dez Bryant*\BryaDe01,DAL,WR,28,13,13,1,1,10,1,0,0,0,,0,96,50,796,15.92,8,134,184.0,155.0,8,22,59
60,Emmanuel Sanders*\SandEm00,DEN,WR,29,16,16,0,0,0,0,0,1,4,4.00,0,137,79,1032,13.06,5,134,215.6,173.1,7,23,60
61,Jonathan Stewart\StewJo00,CAR,RB,29,13,13,0,0,0,0,0,218,824,3.78,9,21,8,60,7.50,0,138,151.4,142.4,7,22,61
62,Hunter Henry\HenrHu00,SDG,TE,22,15,10,0,0,0,0,0,0,0,,0,53,36,478,13.28,8,96,133.8,111.8,7,10,62
63,Julian Edelman\EdelJu00,NWE,WR,30,16,13,0,0,0,0,0,12,57,4.75,0,159,98,1106,11.29,3,132,235.3,181.3,6,24,63
64,Golden Tate\TateGo00,DET,WR,28,16,16,0,0,0,0,0,10,4,0.40,0,135,91,1077,11.84,4,132,227.1,177.6,6,25,64
65,Antonio Gates\GateAn00,SDG,TE,36,14,9,0,0,0,0,0,0,0,,0,93,53,548,10.34,7,95,151.8,121.3,6,11,65
66,Terrance West\WestTe00,BAL,RB,25,16,13,0,0,0,0,0,193,774,4.01,5,45,34,236,6.94,1,137,177.0,154.0,5,23,66
67,Mike Wallace\WallMi00,BAL,WR,30,16,16,0,0,0,0,0,5,31,6.20,0,116,72,1017,14.13,4,131,205.8,166.8,5,26,67
68,Tyrod Taylor\TaylTy00,BUF,QB,27,15,15,269,436,3023,17,6,95,580,6.11,6,0,0,0,,0,271,284.9,276.9,3,8,68
69,Derek Carr*\CarrDe02,OAK,QB,25,15,15,357,560,3937,28,6,39,70,1.79,0,0,0,0,,0,270,280.5,274.5,3,9,69
70,Blake Bortles\BortBl00,JAX,QB,24,16,16,368,625,3905,23,16,58,359,6.19,3,1,1,20,20.00,1,270,299.1,286.6,2,10,70
71,Russell Wilson\WilsRu00,SEA,QB,28,16,16,353,546,4219,21,11,72,259,3.60,1,2,2,14,7.00,1,270,289.1,280.1,2,11,71
72,Kenny Britt\BritKe00,LAR,WR,28,15,15,0,0,0,0,0,0,0,,0,111,68,1002,14.74,5,128,200.2,162.2,2,27,72
73,Kenny Stills\StilKe00,MIA,WR,24,16,16,0,0,0,0,0,0,0,,0,81,42,726,17.29,9,127,171.6,147.6,,28,73
74,Allen Robinson\RobiAl02,JAX,WR,23,16,16,0,0,0,0,0,0,0,,0,151,73,883,12.10,6,126,202.3,162.8,,29,74
75,Coby Fleener\FleeCo00,NOR,TE,28,16,8,0,0,0,0,0,1,2,2.00,1,81,50,631,12.62,3,89,140.3,112.3,,12,75
76,Adam Thielen\ThieAd00,MIN,WR,26,16,10,0,0,0,0,0,2,15,7.50,0,92,69,967,14.01,5,126,199.2,160.7,,30,76
77,Ryan Mathews\MathRy00,PHI,RB,29,13,8,0,0,0,0,0,155,661,4.26,8,14,13,115,8.85,1,132,152.6,138.1,,24,77
78,Marcus Mariota\MariMa01,TEN,QB,23,15,15,276,451,3426,26,9,60,349,5.82,2,1,0,0,,0,268,279.9,268.9,,12,78
79,Ben Roethlisberger*\RoetBe00,PIT,QB,34,14,14,328,509,3819,29,13,16,14,0.88,1,0,0,0,,0,266,270.2,265.2,,13,
80,Philip Rivers*\RivePh00,SDG,QB,35,16,16,349,578,4386,33,21,14,35,2.50,0,0,0,0,,0,263,287.9,279.9,,14,
81,Jameis Winston\WinsJa00,TAM,QB,22,16,16,345,567,4090,28,18,53,165,3.11,1,0,0,0,,0,262,286.1,274.1,,15,
82,Tom Brady*\BradTo00,NWE,QB,39,12,12,291,432,3554,28,2,28,64,2.29,0,0,0,0,,0,261,263.6,260.6,,17,
83,Andy Dalton*\DaltAn00,CIN,QB,29,16,16,364,563,4206,18,8,46,184,4.00,4,0,0,0,,0,261,277.6,268.6,,16,
84,Cam Newton\NewtCa00,CAR,QB,27,15,14,270,510,3509,19,14,90,359,3.99,5,0,0,0,,0,260,276.3,268.3,,18,
85,Carson Palmer\PalmCa00,ARI,QB,37,15,15,364,597,4233,26,14,14,38,2.71,0,0,0,0,,0,249,264.1,257.1,,19,
86,Joe Flacco\FlacJo00,BAL,QB,31,16,16,436,672,4317,20,15,21,58,2.76,2,0,0,0,,0,244,263.5,257.5,,20,
87,Eli Manning\MannEl00,NYG,QB,35,16,16,377,598,4027,26,16,21,-9,-0.43,0,0,0,0,,0,226,247.2,240.2,,21,
88,Alex Smith*\SmitAl03,KAN,QB,32,15,15,328,489,3502,15,8,48,134,2.79,5,1,1,3,3.00,0,226,242.8,232.3,,22,
89,Sam Bradford\BradSa00,MIN,QB,29,15,15,395,552,3877,20,5,20,53,2.65,0,1,1,5,5.00,0,223,234.9,226.4,,23,
90,Carson Wentz\WentCa00,PHI,QB,24,16,16,379,607,3782,16,14,46,150,3.26,2,1,1,7,7.00,0,217,237.0,227.5,,24,
91,Colin Kaepernick\KaepCo00,SFO,QB,29,12,11,196,331,2241,16,4,69,468,6.78,2,0,0,0,,0,200,213.4,204.4,,25,
92,Trevor Siemian\SiemTr00,DEN,QB,25,14,14,289,486,3401,18,10,28,57,2.04,0,0,0,0,,0,194,206.7,201.7,,26,
93,Ryan Tannehill\TannRy00,MIA,QB,28,13,13,261,389,2995,19,12,39,164,4.21,1,0,0,0,,0,192,211.2,202.2,,27,
94,Brock Osweiler\OsweBr00,HOU,QB,26,15,14,301,510,2957,15,16,30,131,4.37,2,1,1,-14,-14.00,0,168,192.0,184.5,,28,
95,Ryan Fitzpatrick\FitzRy00,NYJ,QB,34,14,11,228,403,2710,12,17,33,130,3.94,0,0,0,0,,0,133,157.4,150.4,,29,
96,Jamison Crowder\CrowJa00,WAS,WR,23,16,9,0,0,0,0,0,2,-2,-1.00,0,99,67,847,12.64,7,125,201.5,164.0,,31,
97,DeSean Jackson\JackDe00,WAS,WR,30,15,15,0,0,0,0,0,0,0,,0,100,56,1005,17.95,4,125,183.5,152.5,,32,
98,Pierre Garcon\GarcPi00,WAS,WR,30,16,16,0,0,0,0,0,0,0,,0,114,79,1041,13.18,3,122,204.1,161.6,,33,
99,Brandon LaFell\LaFeBr00,CIN,WR,30,16,14,0,0,0,0,0,1,-2,-2.00,0,107,64,862,13.47,6,122,189.0,154.0,,34,
100,Robert Kelley\KellRo00,WAS,RB,24,15,9,0,0,0,0,0,168,704,4.19,6,18,12,82,6.83,1,121,135.6,126.6,,25,
101,A.J. Green*\GreeA.00,CIN,WR,28,10,10,0,0,0,0,0,0,0,,0,100,66,964,14.61,4,120,189.4,153.4,,35,
102,Willie Snead\SneaWi00,NOR,WR,24,15,4,1,1,50,1,0,0,0,,0,104,72,895,12.43,4,120,194.5,155.5,,36,
103,DeAndre Hopkins\HopkDe00,HOU,WR,24,16,16,0,0,0,0,0,0,0,,0,151,78,954,12.23,4,119,200.4,158.4,,38,
104,Sterling Shepard\ShepSt00,NYG,WR,22,16,16,0,0,0,0,0,3,31,10.33,0,105,65,683,10.51,8,119,187.4,151.9,,37,
105,Mike Gillislee\GillMi00,BUF,RB,26,15,1,0,0,0,0,0,101,577,5.71,8,11,9,50,5.56,1,117,128.7,121.2,,27,
106,Marvin Jones\JoneMa02,DET,WR,26,15,15,0,0,0,0,0,1,3,3.00,0,103,55,930,16.91,4,117,175.3,144.8,,39,
107,Christine Michael\MichCh00,2TM,RB,26,15,7,0,0,0,0,0,148,583,3.94,7,29,22,107,4.86,1,117,144.0,126.0,,26,
108,Steve Smith\SmitSt01,BAL,WR,37,14,14,0,0,0,0,0,0,0,,0,101,70,799,11.41,5,116,186.9,148.9,,40,
109,Cole Beasley\BeasCo00,DAL,WR,27,16,6,0,1,0,0,0,1,7,7.00,0,98,75,833,11.11,5,114,192.0,151.5,,41,
110,Case Keenum\KeenCa00,LAR,QB,28,10,9,196,322,2201,9,11,20,51,2.55,1,0,0,0,,0,113,126.1,122.1,,30,
111,Cameron Meredith\MereCa00,CHI,WR,24,14,10,1,1,2,1,0,1,6,6.00,0,97,66,888,13.45,4,113,184.5,146.5,,42,
112,Devontae Booker\BookDe00,DEN,RB,23,16,6,0,0,0,0,0,174,612,3.52,4,45,31,265,8.55,1,112,151.7,127.2,,28,
113,Quincy Enunwa\EnunQu00,NYJ,WR,24,16,13,0,0,0,0,0,1,12,12.00,0,105,58,857,14.78,4,111,171.9,139.9,,43,
114,Darren Sproles*\SproDa00,PHI,RB,33,15,5,0,0,0,0,0,94,438,4.66,2,71,52,427,8.21,2,111,168.5,136.5,,29,
115,Stefon Diggs\DiggSt00,MIN,WR,23,13,11,0,0,0,0,0,3,10,3.33,0,112,84,903,10.75,3,109,196.3,151.3,,45,
116,Marqise Lee\LeexMa00,JAX,WR,25,16,6,1,1,20,1,0,6,35,5.83,0,105,63,851,13.51,3,109,182.4,146.9,,44,
117,Theo Riddick\RiddTh00,DET,RB,25,10,8,0,0,0,0,0,92,357,3.88,1,67,53,371,7.00,5,109,167.8,135.3,,30,
118,Tim Hightower\HighTi00,NOR,RB,30,16,1,0,0,0,0,0,133,548,4.12,4,26,22,200,9.09,1,107,132.8,115.8,,32,
119,Jerick McKinnon\McKiJe00,MIN,RB,24,15,7,0,1,0,0,0,159,539,3.39,2,53,43,255,5.93,2,107,154.4,126.9,,31,
120,JJ Nelson\NelsJJ00,ARI,WR,24,15,6,0,0,0,0,0,4,83,20.75,1,74,34,568,16.71,6,107,143.1,122.1,,46,
121,Anquan Boldin\BoldAn00,DET,WR,36,16,16,0,0,0,0,0,0,0,,0,95,67,584,8.72,8,106,176.4,139.9,,47,
122,Taylor Gabriel\GabrTa00,ATL,WR,25,13,3,0,0,0,0,0,4,51,12.75,1,50,35,579,16.54,6,105,143.0,122.5,,48,
123,Ted Ginn\GinnTe00,CAR,WR,31,16,8,0,0,0,0,0,14,98,7.00,0,95,54,752,13.93,4,105,164.0,132.0,,49,
124,Dontrelle Inman\InmaDo00,SDG,WR,27,16,16,0,0,0,0,0,0,0,,0,97,58,810,13.97,4,105,166.0,134.0,,50,
125,James White\WhitJa02,NWE,RB,24,16,4,0,0,0,0,0,39,166,4.26,0,86,60,551,9.18,5,104,167.7,131.7,,33,
126,Rashad Jennings\JennRa00,NYG,RB,31,13,12,0,0,0,0,0,181,593,3.28,3,42,35,201,5.74,1,103,144.4,120.9,,34,
127,Jordan Matthews\MattJo00,PHI,WR,24,14,13,0,0,0,0,0,0,0,,0,117,73,804,11.01,3,102,174.4,134.9,,52,
128,DeVante Parker\ParkDe01,MIA,WR,23,15,8,0,0,0,0,0,0,0,,0,87,56,744,13.29,4,102,157.4,126.4,,51,
129,Matt Asiata\AsiaMa00,MIN,RB,29,16,6,0,0,0,0,0,121,402,3.32,6,38,32,263,8.22,0,101,139.5,116.5,,36,
130,Chris Thompson\ThomCh03,WAS,RB,26,16,0,0,0,0,0,0,68,356,5.24,3,62,49,349,7.12,2,101,154.5,123.0,,35,
131,Brandon Marshall\MarsBr00,NYJ,WR,32,15,15,0,0,0,0,0,0,0,,0,128,59,788,13.36,3,97,158.8,126.3,,53,
132,Ty Montgomery\MontTy01,GNB,WR,23,15,6,0,0,0,0,0,77,457,5.94,3,56,44,348,7.91,0,97,147.5,118.5,,54,
133,Alshon Jeffery\JeffAl00,CHI,WR,26,12,12,0,0,0,0,0,0,0,,0,94,52,821,15.79,2,94,149.1,120.1,,55,
134,Derrick Henry\HenrDe00,TEN,RB,22,15,1,0,0,0,0,0,110,490,4.45,5,15,13,137,10.54,0,93,111.7,99.2,,37,
135,Chris Hogan\HogaCh00,NWE,WR,28,15,14,0,0,0,0,0,3,9,3.00,0,58,38,680,17.89,4,91,132.9,109.9,,56,
136,Duke Johnson\JohnDu00,CLE,RB,23,16,1,0,1,0,0,0,73,358,4.90,1,74,53,514,9.70,0,91,151.2,117.7,,38,
137,Mohamed Sanu\SanuMo00,ATL,WR,27,15,15,0,0,0,0,0,1,5,5.00,0,81,59,653,11.07,4,90,152.8,119.3,,57,
138,Tavon Austin\AustTa00,LAR,WR,25,15,15,0,0,0,0,0,28,159,5.68,1,106,58,509,8.78,3,89,153.8,117.8,,58,
139,Randall Cobb\CobbRa00,GNB,WR,26,13,10,0,0,0,0,0,10,33,3.30,0,84,60,610,10.17,4,88,151.3,118.3,,59,
140,T.J. Yeldon\YeldT.00,JAX,RB,23,15,13,0,0,0,0,0,130,465,3.58,1,68,50,312,6.24,1,88,144.7,112.7,,39,
141,C.J. Anderson\AndeC.00,DEN,RB,25,7,7,0,0,0,0,0,110,437,3.97,4,24,16,128,8.00,1,87,108.5,94.5,,40,
142,Jalen Richard\RichJa01,OAK,RB,23,16,0,0,0,0,0,0,83,491,5.92,1,39,29,194,6.69,2,87,121.5,101.0,,41,
143,Jack Doyle\DoylJa00,IND,TE,26,16,14,0,0,0,0,0,0,0,,0,75,59,584,9.90,5,86,149.4,115.9,,13,
144,Travis Benjamin\BenjTr00,SDG,WR,27,14,8,0,1,0,0,0,2,-3,-1.50,0,75,47,677,14.40,4,85,138.4,108.9,,60,
145,DeAngelo Williams\WillDe02,PIT,RB,33,9,4,0,0,0,0,0,98,343,3.50,4,27,18,118,6.56,2,84,106.1,91.1,,42,
146,Giovani Bernard\BernGi00,CIN,RB,25,10,2,0,0,0,0,0,91,337,3.70,2,51,39,336,8.62,1,83,129.3,102.8,,43,
147,Eric Ebron\EbroEr00,DET,TE,23,13,13,0,0,0,0,0,1,1,1.00,1,85,61,711,11.66,1,83,147.2,113.7,,15,
148,Jeremy Kerley\KerlJe00,SFO,WR,28,16,13,0,0,0,0,0,0,0,,0,115,64,667,10.42,3,83,150.7,114.7,,62,
149,Tyler Lockett\LockTy00,SEA,WR,24,15,9,0,0,0,0,0,6,114,19.00,1,66,41,597,14.56,1,83,130.1,103.6,,61,
150,Dennis Pitta\PittDe00,BAL,TE,31,16,12,0,0,0,0,0,0,0,,0,121,86,729,8.48,2,83,172.9,125.9,,16,
151,Jason Witten\WittJa00,DAL,TE,34,16,16,0,0,0,0,0,0,0,,0,95,69,673,9.75,3,83,156.3,117.8,,14,
152,Robert Turbin\TurbRo00,IND,RB,27,15,0,0,0,0,0,0,47,164,3.49,7,35,26,179,6.88,1,82,114.3,95.3,,44,
153,Michael Floyd\FloyMi00,2TM,WR,27,15,8,0,0,0,0,0,0,0,,0,76,37,488,13.19,5,81,118.8,97.3,,64,
154,Terrance Williams\WillTe01,DAL,WR,27,16,15,0,0,0,0,0,0,0,,0,61,44,594,13.50,4,81,129.4,103.4,,63,
155,Shaun Draughn\DrauSh00,SFO,RB,29,16,1,0,0,0,0,0,74,196,2.65,4,39,29,263,9.07,2,80,115.9,94.4,,45,
156,C.J. Fiedorowicz\FiedC.00,HOU,TE,25,15,15,0,0,0,0,0,0,0,,0,89,54,559,10.35,4,80,136.9,106.9,,17,
157,Brian Hoyer\HoyeBr00,CHI,QB,31,6,5,134,200,1445,6,0,7,-2,-0.29,0,0,0,0,,0,80,83.6,79.6,,31,
158,Dwayne Allen\AlleDw00,IND,TE,26,14,14,0,0,0,0,0,0,0,,0,52,35,406,11.60,6,79,116.6,96.1,,19,
159,Charles Clay\ClayCh00,BUF,TE,27,15,15,0,0,0,0,0,0,0,,0,87,57,552,9.68,4,79,139.2,107.7,,18,
160,Cody Kessler\KessCo00,CLE,QB,23,9,8,128,195,1380,6,2,11,18,1.64,0,0,0,0,,0,79,83.0,79.0,,32,
161,Adam Humphries\HumpAd00,TAM,WR,23,15,4,0,0,0,0,0,5,18,3.60,0,83,55,622,11.31,2,78,136.0,105.5,,66,
162,Jacquizz Rodgers\RodgJa00,TAM,RB,26,10,5,0,0,0,0,0,129,560,4.34,2,16,13,98,7.54,0,78,93.8,84.3,,46,
163,Eli Rogers\RogeEl00,PIT,WR,24,13,8,0,0,0,0,0,1,6,6.00,0,66,48,594,12.38,3,78,129.0,102.0,,65,
164,Gary Barnidge\BarnGa01,CLE,TE,31,16,16,0,0,0,0,0,0,0,,0,82,55,612,11.13,2,75,133.2,102.7,,20,
165,Will Fuller\FullWi01,HOU,WR,22,14,13,0,0,0,0,0,1,-3,-3.00,0,92,47,635,13.51,2,75,131.2,104.7,,67,
166,Chris Ivory\IvorCh00,JAX,RB,28,11,1,0,0,0,0,0,117,439,3.75,3,28,20,186,9.30,0,75,103.5,84.5,,48,
167,Zach Zenner\ZennZa00,DET,RB,25,14,4,0,0,0,0,0,88,334,3.80,4,23,18,196,10.89,0,75,100.0,84.0,,47,
168,Brian Quick\QuicBr00,LAR,WR,27,16,8,0,0,0,0,0,0,0,,0,77,41,564,13.76,3,74,118.4,94.9,,68,
169,Seth Roberts\RobeSe00,OAK,WR,25,16,6,0,0,0,0,0,0,0,,0,77,38,397,10.45,5,74,114.7,92.7,,69,
170,Robby Anderson\AndeRo04,NYJ,WR,23,16,8,0,0,0,0,0,3,42,14.00,0,78,42,587,13.98,2,73,118.9,93.9,,70,
171,Blaine Gabbert\GabbBl00,SFO,QB,27,6,5,91,160,925,5,6,40,173,4.33,2,1,1,-16,-16.00,0,73,85.7,79.2,,33,
172,Zach Miller\MillZa02,CHI,TE,32,10,8,0,0,0,0,0,0,0,,0,64,47,486,10.34,4,73,122.6,96.1,,21,
173,Donte Moncrief\MoncDo00,IND,WR,23,9,7,0,0,0,0,0,1,-1,-1.00,0,56,30,307,10.23,7,73,105.6,87.6,,71,
174,Kenneth Dixon\DixoKe00,BAL,RB,22,12,0,0,0,0,0,0,88,382,4.34,2,41,30,162,5.40,1,72,108.4,87.4,,49,
175,Rob Gronkowski\GronRo00,NWE,TE,27,8,6,0,0,0,0,0,0,0,,0,38,25,540,21.60,3,72,100.0,84.5,,22,
176,Doug Martin\MartDo00,TAM,RB,27,8,8,0,0,0,0,0,144,421,2.92,3,16,14,134,9.57,0,72,92.5,78.5,,50,
177,Matt Barkley\BarkMa00,CHI,QB,26,7,6,129,216,1611,8,14,7,2,0.29,0,1,1,2,2.00,1,71,90.8,85.3,,34,
178,Tyler Boyd\BoydTy00,CIN,WR,22,16,2,0,0,0,0,0,4,58,14.50,0,81,54,603,11.17,1,70,128.1,97.1,,72,
179,Vernon Davis\DaviVe00,WAS,TE,32,16,14,0,0,0,0,0,0,0,,0,59,44,583,13.25,2,70,117.3,92.3,,23,
180,Damien Williams\WillDa05,MIA,RB,24,15,0,0,0,0,0,0,35,115,3.29,3,32,23,249,10.83,3,70,100.4,81.9,,51,
181,Tyler Eifert\EifeTy00,CIN,TE,26,8,2,0,0,0,0,0,0,0,,0,47,29,394,13.59,5,69,101.4,83.9,,24,
182,Jeremy Maclin\MaclJe00,KAN,WR,28,12,12,0,1,0,0,0,1,-1,-1.00,0,76,44,536,12.18,2,68,112.5,87.5,,75,
183,Breshad Perriman\PerrBr02,BAL,WR,23,16,1,0,0,0,0,0,1,2,2.00,0,66,33,499,15.12,3,68,104.1,84.6,,73,
184,DeAndre Washington\WashDe00,OAK,RB,23,14,2,0,0,0,0,0,87,467,5.37,2,23,17,115,6.76,0,68,92.2,76.7,,52,
185,Robert Woods\WoodRo02,BUF,WR,24,13,10,0,0,0,0,0,1,6,6.00,0,76,51,613,12.02,1,68,121.9,93.4,,74,
186,Matt Jones\JoneMa04,WAS,RB,23,7,7,0,0,0,0,0,99,460,4.65,3,8,8,73,9.13,0,67,80.3,71.3,,53,
187,Phillip Dorsett\DorsPh00,IND,WR,23,15,7,0,0,0,0,0,2,10,5.00,0,59,33,528,16.00,2,66,101.8,82.3,,76,
188,Robert Griffin\GrifRo01,CLE,QB,26,5,5,87,147,886,2,3,31,190,6.13,2,0,0,0,,0,66,76.4,69.4,,35,
189,Allen Hurns\HurnAl01,JAX,WR,25,11,11,0,0,0,0,0,0,0,,0,76,35,477,13.63,3,66,103.7,83.2,,77,
190,Charcandrick West\WestCh01,KAN,RB,25,15,2,0,0,0,0,0,88,293,3.33,1,34,28,188,6.71,2,66,100.1,80.1,,54,
191,John Brown\BrowJo02,ARI,WR,26,15,6,0,0,0,0,0,1,10,10.00,0,73,39,517,13.26,2,65,106.7,84.2,,78,
192,Malcolm Mitchell\MitcMa01,NWE,WR,23,14,6,0,0,0,0,0,0,0,,0,48,32,401,12.53,4,64,99.1,80.1,,80,
193,Tajae Sharpe\SharTa00,TEN,WR,22,16,10,0,0,0,0,0,1,1,1.00,0,83,41,522,12.73,2,64,108.3,84.8,,79,
194,Victor Cruz\CruzVi00,NYG,WR,30,15,12,0,0,0,0,0,0,0,,0,72,39,586,15.03,1,63,105.6,82.1,,82,
195,Devin Funchess\FuncDe00,CAR,WR,22,15,7,0,0,0,0,0,0,0,,0,58,23,371,16.13,4,63,89.1,74.6,,81,
196,Vance McDonald\McDoVa00,SFO,TE,26,11,11,0,0,0,0,0,0,0,,0,45,24,391,16.29,4,63,90.1,75.1,,25,
197,Thomas Rawls\RawlTh00,SEA,RB,23,9,7,0,0,0,0,0,109,349,3.20,3,17,13,96,7.38,0,63,78.5,69.0,,55,
198,Cordarrelle Patterson*+\PattCo00,MIN,WR,25,16,8,0,0,0,0,0,7,43,6.14,0,70,52,453,8.71,2,62,122.6,93.6,,83,
199,Paul Perkins\PerkPa00,NYG,RB,22,14,1,0,0,0,0,0,112,456,4.07,0,24,15,162,10.80,0,62,82.8,69.3,,56,
200,Marquise Goodwin\GoodMa00,BUF,WR,26,15,9,0,0,0,0,0,0,0,,0,68,29,431,14.86,3,61,93.1,75.6,,84,
201,Kendall Wright\WrigKe01,TEN,WR,27,11,4,0,0,0,0,0,1,15,15.00,0,42,29,416,14.34,3,61,93.1,75.6,,85,
202,Corey Coleman\ColeCo00,CLE,WR,22,10,10,0,0,0,0,0,2,10,5.00,0,73,33,413,12.52,3,60,96.3,76.8,,86,
203,Lance Kendricks\KendLa00,LAR,TE,28,16,16,0,0,0,0,0,0,0,,0,87,50,499,9.98,2,60,113.9,84.9,,26,
204,Rex Burkhead\BurkRe00,CIN,RB,26,16,1,0,0,0,0,0,74,344,4.65,2,20,17,145,8.53,0,59,82.9,67.4,,57,
205,Sammie Coates\CoatSa00,PIT,WR,23,14,5,0,0,0,0,0,4,14,3.50,0,49,21,435,20.71,2,57,80.9,67.4,,88,
206,Jermaine Kearse\KearJe01,SEA,WR,26,16,15,0,0,0,0,0,0,0,,0,89,41,510,12.44,1,57,101.0,77.5,,87,
207,Matt Moore\MoorMa01,MIA,QB,32,4,3,55,87,721,8,3,1,-1,-1.00,0,0,0,0,,0,57,60.7,57.7,,36,
208,Jesse James\JameJe00,PIT,TE,22,16,13,0,0,0,0,0,0,0,,0,60,39,338,8.67,3,56,93.8,71.3,,27,
209,Sammy Watkins\WatkSa00,BUF,WR,23,8,8,0,0,0,0,0,0,0,,0,52,28,430,15.36,2,55,86.0,69.0,,89,
210,Travaris Cadet\CadeTr00,NOR,RB,27,15,1,0,0,0,0,0,4,19,4.75,0,54,40,281,7.03,4,54,97.0,74.0,,59,
211,Ryan Griffin\GrifRy00,HOU,TE,26,16,5,0,0,0,0,0,0,0,,0,74,50,442,8.84,2,54,108.2,79.2,,28,
212,Jeremy Langford\LangJe00,CHI,RB,25,12,3,0,0,0,0,0,62,200,3.23,4,27,19,142,7.47,0,54,81.2,63.7,,58,
213,Clive Walford\WalfCl00,OAK,WR,25,15,8,0,0,0,0,0,0,0,,0,52,33,359,10.88,3,54,89.9,70.4,,90,
214,Chris Conley\ConlCh00,KAN,WR,24,16,11,0,0,0,0,0,0,0,,0,69,44,530,12.05,0,53,100.0,75.0,,91,
215,Jared Goff\GoffJa00,LAR,QB,22,7,7,112,205,1089,5,7,8,16,2.00,1,0,0,0,,0,53,65.2,60.2,,37,
216,Nelson Agholor\AghoNe00,PHI,WR,23,15,14,0,0,0,0,0,5,14,2.80,0,69,36,365,10.14,2,52,90.9,69.9,,92,
217,Josh McCown\McCoJo01,CLE,QB,37,5,3,90,165,1100,6,6,7,21,3.00,0,0,0,0,,0,52,65.1,58.1,,38,
218,Julius Thomas\ThomJu00,JAX,TE,28,9,6,0,0,0,0,0,0,0,,0,51,30,281,9.37,4,52,85.1,67.1,,29,
219,Garrett Celek\CeleGa00,SFO,TE,28,16,6,0,0,0,0,0,0,0,,0,50,29,350,12.07,3,51,84.0,65.5,,31,
220,Dorial Green-Beckham\GreeDo00,PHI,WR,23,15,7,0,0,0,0,0,0,0,,0,74,36,392,10.89,2,51,90.2,69.2,,93,
221,Jermaine Gresham\GresJe00,ARI,TE,28,16,14,0,0,0,0,0,0,0,,0,61,37,391,10.57,2,51,91.1,69.6,,30,
222,Albert Wilson\WilsAl02,KAN,WR,24,16,5,0,0,0,0,0,2,50,25.00,1,51,31,279,9.00,2,51,84.9,66.4,,94,
223,Alfred Blue\BlueAl00,HOU,RB,25,14,2,0,0,0,0,0,100,420,4.20,1,16,12,40,3.33,0,50,66.0,56.0,,60,
224,Andrew Hawkins\HawkAn00,CLE,WR,30,16,5,0,0,0,0,0,2,0,0.00,0,54,33,324,9.82,3,50,86.4,66.9,,95,
225,Dion Sims\SimsDi00,MIA,TE,25,14,11,0,0,0,0,0,0,0,,0,35,26,256,9.85,4,50,78.6,62.6,,32,
226,Eddie Royal\RoyaEd00,CHI,WR,30,9,1,0,0,0,0,0,0,0,,0,43,33,369,11.18,2,49,90.9,71.4,,96,
227,Danny Amendola\AmenDa00,NWE,WR,31,12,4,0,0,0,0,0,0,0,,0,29,23,243,10.57,4,48,73.3,57.8,,97,
228,Jay Cutler\CutlJa00,CHI,QB,33,5,5,81,137,1059,4,5,5,24,4.80,0,0,0,0,,0,47,56.8,51.8,,39,
229,Austin Hooper\HoopAu00,ATL,TE,22,14,3,0,0,0,0,0,0,0,,0,27,19,271,14.26,3,47,67.1,54.6,,33,
230,Russell Shepard\ShepRu00,TAM,WR,26,14,4,0,0,0,0,0,1,9,9.00,0,40,23,341,14.83,2,47,73.0,58.5,,98,
231,Fozzy Whittaker\WhitFo00,CAR,RB,27,16,0,0,0,0,0,0,57,265,4.65,0,33,25,226,9.04,0,47,79.1,59.6,,61,
232,Brandon Coleman\ColeBr00,NOR,WR,24,16,4,0,0,0,0,0,0,0,,0,38,26,281,10.81,3,46,75.1,59.1,,99,
233,Will Tye\TyexWi00,NYG,TE,25,16,10,0,0,0,0,0,0,0,,0,70,48,395,8.23,1,46,96.5,69.5,,34,
234,Jamize Olawale\OlawJa00,OAK,RB,27,16,7,0,0,0,0,0,17,47,2.76,2,14,12,227,18.92,1,45,60.4,51.4,,62,
235,Torrey Smith\SmitTo02,SFO,WR,27,12,12,0,0,0,0,0,0,0,,0,49,20,267,13.35,3,45,67.7,54.7,,100,
236,Justin Hardy\HardJu00,ATL,WR,25,16,3,0,0,0,0,0,0,0,,0,31,21,203,9.67,4,44,68.3,54.8,,101,
237,C.J. Prosise\ProsC.00,SEA,RB,22,6,2,0,0,0,0,0,30,172,5.73,1,19,17,208,12.24,0,44,67.0,52.5,,63,
238,Aldrick Robinson\RobiAl00,ATL,WR,28,16,1,0,0,0,0,0,0,0,,0,32,20,323,16.15,2,44,67.3,54.3,,102,
239,Charles Sims\SimsCh00,TAM,RB,26,7,2,0,0,0,0,0,51,149,2.92,1,32,24,190,7.92,1,44,74.9,55.9,,64,
240,Justin Hunter\HuntJu00,2TM,WR,25,13,5,0,0,0,0,0,0,0,,0,23,10,189,18.90,4,43,55.9,47.9,,103,
241,Jared Cook\CookJa02,GNB,TE,29,10,5,0,0,0,0,0,0,0,,0,51,30,377,12.57,1,42,75.7,56.7,,35,
242,Justin Forsett\ForsJu00,3TM,RB,31,9,6,0,0,0,0,0,87,291,3.34,1,27,20,85,4.25,0,42,65.6,51.6,,66,
243,James Starks\StarJa00,GNB,RB,30,9,4,0,0,0,0,0,63,145,2.30,0,25,19,134,7.05,2,42,64.9,49.4,,65,
244,John Kuhn\KuhnJo00,NOR,RB,34,16,3,0,0,0,0,0,18,37,2.06,4,20,16,70,4.38,1,41,56.7,48.7,,68,
245,Quinton Patton\PattQu00,SFO,WR,26,14,14,0,0,0,0,0,0,0,,0,63,37,408,11.03,0,41,80.8,59.3,,104,
246,Wendell Smallwood\SmalWe00,PHI,RB,22,13,3,0,0,0,0,0,77,312,4.05,1,13,6,55,9.17,0,41,56.7,49.7,,67,
247,Brice Butler\ButlBr00,DAL,WR,26,16,3,0,0,0,0,0,0,0,,0,32,16,219,13.69,3,40,58.9,47.9,,105,
248,Aaron Ripkowski\RipkAa00,GNB,RB,24,16,8,0,0,0,0,0,34,150,4.41,2,10,9,46,5.11,1,40,49.6,42.1,,69,
249,Kamar Aiken\AikeKa00,BAL,WR,27,16,6,0,0,0,0,0,0,0,,0,50,29,328,11.31,1,39,70.8,53.3,,106,
250,Trey Burton\BurtTr01,PHI,TE,25,15,4,0,0,0,0,0,0,0,,0,60,37,327,8.84,1,39,78.7,57.2,,38,
251,Eddie Lacy\LacyEd00,GNB,RB,25,5,5,0,0,0,0,0,71,360,5.07,0,7,4,28,7.00,0,39,45.8,40.8,,70,
252,Richard Rodgers\RodgRi00,GNB,TE,24,16,6,0,0,0,0,0,0,0,,0,47,30,271,9.03,2,39,72.1,54.1,,36,
253,Jacob Tamme\TammJa00,ATL,TE,31,8,5,0,0,0,0,0,0,0,,0,31,22,210,9.55,3,39,64.0,50.0,,37,
254,Dwayne Washington\WashDw00,DET,RB,22,12,2,0,0,0,0,0,90,265,2.94,1,15,10,62,6.20,0,39,51.7,43.7,,71,
255,Josh Bellamy\BellJo02,CHI,WR,27,16,2,0,0,0,0,0,4,37,9.25,0,38,19,282,14.84,1,38,59.9,47.4,,107,
256,Ladarius Green\GreeLa00,PIT,TE,26,6,2,0,0,0,0,0,0,0,,0,34,18,304,16.89,1,38,57.4,45.4,,40,
257,Dion Lewis\LewiDi00,NWE,RB,26,7,5,0,0,0,0,0,64,283,4.42,0,24,17,94,5.53,0,38,57.7,46.2,,72,
258,Levine Toilolo\ToilLe00,ATL,TE,25,16,11,0,0,0,0,0,0,0,,0,19,13,264,20.31,2,38,54.4,44.9,,39,
259,Kyle Juszczyk*\JuszKy00,BAL,RB,25,16,7,0,0,0,0,0,5,22,4.40,1,49,37,266,7.19,0,37,76.8,55.3,,74,
260,Alfred Morris\MorrAl00,DAL,RB,28,14,0,0,0,0,0,0,69,243,3.52,2,6,3,11,3.67,0,37,43.4,38.9,,73,
261,Erik Swoope\SwooEr00,IND,TE,24,16,4,0,0,0,0,0,0,0,,0,22,15,297,19.80,1,36,53.7,43.2,,41,
262,Kenyan Drake\DrakKe00,MIA,RB,22,16,1,0,0,0,0,0,33,179,5.42,2,10,9,46,5.11,0,35,52.5,45.0,,75,
263,Jimmy Garoppolo\GaroJi00,NWE,QB,25,6,2,43,63,502,4,0,10,6,0.60,0,1,1,3,3.00,0,35,40.0,35.5,,40,
264,Cobi Hamilton\HamiCo00,PIT,WR,26,11,8,0,0,0,0,0,0,0,,0,28,17,234,13.76,2,35,55.4,43.9,,108,
265,Darrius Heyward-Bey\HeywDa00,PIT,WR,29,10,0,0,0,0,0,0,1,60,60.00,1,19,6,114,19.00,2,35,44.4,38.4,,109,
266,Paul Richardson\RichPa01,SEA,WR,24,15,0,0,0,0,0,0,1,5,5.00,0,36,21,288,13.71,1,35,59.3,45.8,,110,
267,Deonte Thompson\ThomDe04,CHI,WR,27,16,6,0,0,0,0,0,0,0,,0,36,22,249,11.32,2,35,60.9,45.9,,111,
268,Landry Jones\JoneLa02,PIT,QB,27,8,2,53,86,558,4,2,6,-4,-0.67,0,0,0,0,,0,34,38.9,35.9,,41,
269,Bryan Walters\WaltBr00,JAX,WR,29,10,3,0,0,0,0,0,1,4,4.00,0,34,24,231,9.63,2,34,61.5,45.5,,112,
270,Geronimo Allison\AlliGe01,GNB,WR,22,10,2,0,0,0,0,0,0,0,,0,22,12,202,16.83,2,32,47.2,38.2,,114,
271,Corey Brown\BrowPh00,CAR,WR,25,16,8,0,0,0,0,0,2,6,3.00,0,53,27,276,10.22,1,32,63.2,45.7,,113,
272,Corey Grant\GranCo00,JAX,RB,28,11,1,0,0,0,0,0,32,164,5.13,1,7,4,35,8.75,1,32,38.9,33.9,,76,
273,Bryce Petty\PettBr01,NYJ,QB,25,6,4,75,133,809,3,7,5,19,3.80,0,0,0,0,,0,32,43.3,39.3,,42,
274,Peyton Barber\BarbPe01,TAM,RB,22,15,1,0,0,0,0,0,55,223,4.05,1,6,5,28,5.60,0,31,39.1,33.6,,77,
275,Eric Decker\DeckEr00,NYJ,WR,29,3,3,0,0,0,0,0,0,0,,0,21,9,194,21.56,2,31,43.4,35.9,,115,
276,Andre Holmes\HolmAn00,OAK,WR,28,16,2,0,0,0,0,0,0,0,,0,25,14,126,9.00,3,31,47.6,37.6,,118,
277,Rod Streater\StreRo00,SFO,WR,28,16,2,0,0,0,0,0,0,0,,0,27,18,191,10.61,2,31,52.1,40.1,,116,
278,Jordan Taylor\TaylJo01,DEN,WR,24,16,0,0,0,0,0,0,0,0,,0,25,16,209,13.06,2,31,50.9,38.9,,117,
279,Virgil Green\GreeVi00,DEN,TE,28,12,11,0,0,0,0,0,0,0,,0,37,22,237,10.77,1,30,54.7,40.7,,42,
280,Kenjon Barner\BarnKe00,PHI,RB,27,13,0,0,0,0,0,0,27,129,4.78,2,11,5,42,8.40,0,29,37.1,31.6,,78,
281,C.J. Uzomah\UzomC.00,CIN,TE,24,10,8,0,0,0,0,0,0,0,,0,38,25,234,9.36,1,29,57.4,41.9,,43,
282,Cameron Artis-Payne\ArtiCa00,CAR,RB,24,3,3,0,0,0,0,0,36,144,4.00,2,1,1,11,11.00,0,28,31.5,28.0,,80,
283,Jacoby Brissett\BrisJa00,NWE,QB,23,3,2,34,55,400,0,0,16,83,5.19,1,0,0,0,,0,28,32.3,28.3,,44,
284,Nick Foles\FoleNi00,KAN,QB,27,3,1,36,55,410,3,0,4,-4,-1.00,0,0,0,0,,0,28,31.0,28.0,,45,
285,Paxton Lynch\LyncPa00,DEN,QB,22,3,2,49,83,497,2,1,11,25,2.27,0,0,0,0,,0,28,32.4,29.4,,43,
286,Tanner McEvoy\McEvTa01,SEA,WR,23,14,0,1,1,43,0,0,0,0,,0,11,9,140,15.56,2,28,39.7,32.2,,119,
287,Kerwynn Williams\WillKe05,ARI,RB,25,10,0,0,0,0,0,0,18,157,8.72,2,2,1,6,6.00,0,28,32.3,28.8,,79,
288,Jaron Brown\BrowJa03,ARI,WR,26,7,2,0,0,0,0,0,0,0,,0,22,11,187,17.00,1,27,38.7,30.2,,121,
289,Bennie Fowler\FowlBe00,DEN,WR,25,13,0,0,0,0,0,0,0,0,,0,24,11,145,13.18,2,27,40.5,32.0,,122,
290,DuJuan Harris\HarrDu01,SFO,RB,28,10,1,0,0,0,0,0,38,138,3.63,0,9,8,115,14.38,1,27,43.3,31.3,,81,
291,Chester Rogers\RogeCh02,IND,WR,22,14,2,0,0,0,0,0,0,0,,0,34,19,273,14.37,0,27,49.3,36.8,,120,
292,Shane Vereen\VereSh00,NYG,RB,27,5,1,0,0,0,0,0,33,158,4.79,1,19,11,94,8.55,0,27,43.2,32.7,,82,
293,Kapri Bibbs\BibbKa00,DEN,RB,23,12,0,0,0,0,0,0,29,129,4.45,0,4,2,75,37.50,1,26,31.4,27.4,,83,
294,Alex Collins\CollAl00,SEA,RB,22,11,0,0,0,0,0,0,31,125,4.03,1,11,11,84,7.64,0,25,39.9,30.4,,84,
295,Seth Devalve\DevaSe00,CLE,TE,23,12,2,0,0,0,0,0,0,0,,0,12,10,127,12.70,2,25,37.7,29.7,,46,
296,Jeff Janis\JaniJe00,GNB,WR,25,16,1,0,0,0,0,0,2,38,19.00,1,19,11,93,8.45,1,25,36.1,30.6,,123,
297,Mychal Rivera\RiveMy00,OAK,TE,26,13,2,0,0,0,0,0,0,0,,0,25,18,192,10.67,1,25,46.2,34.2,,44,
298,Mike Tolbert*\TolbMi00,CAR,RB,31,16,2,0,0,0,0,0,35,114,3.26,0,15,10,72,7.20,1,25,37.6,29.6,,85,
299,Luke Willson\WillLu00,SEA,TE,26,11,6,0,0,0,0,0,0,0,,0,21,15,129,8.60,2,25,42.9,32.4,,45,
300,Orleans Darkwa\DarkOr00,NYG,RB,24,10,2,0,0,0,0,0,30,111,3.70,2,4,2,12,6.00,0,24,29.3,25.3,,86,
301,Kenneth Farrow\FarrKe02,SDG,RB,23,13,2,0,0,0,0,0,60,192,3.20,0,16,13,70,5.38,0,24,41.2,30.7,,87,
302,Xavier Grimble\GrimXa00,PIT,TE,24,13,2,0,0,0,0,0,0,0,,0,21,11,118,10.73,2,24,37.8,29.3,,47,
303,Jalin Marshall\MarsJa01,NYJ,WR,21,10,1,0,0,0,0,0,0,0,,0,23,14,162,11.57,2,24,43.2,31.2,,124,
304,Charles Johnson\JohnCh08,MIN,WR,27,16,7,0,0,0,0,0,0,0,,0,37,20,232,11.60,0,23,46.2,33.2,,125,
305,Marcedes Lewis\LewiMa00,JAX,TE,32,10,10,0,0,0,0,0,0,0,,0,30,20,169,8.45,1,23,45.9,32.9,,48,
306,Ricardo Louis\LouiRi00,CLE,RB,22,16,3,0,0,0,0,0,0,0,,0,35,18,205,11.39,0,23,41.5,29.5,,88,
307,Jordan Norwood\NorwJo00,DEN,WR,30,14,6,0,0,0,0,0,1,0,0.00,0,35,21,232,11.05,1,23,50.2,33.7,,126,
308,Andre Roberts\RobeAn00,DET,WR,28,16,1,0,0,0,0,0,0,0,,0,25,14,188,13.43,1,23,52.8,41.8,,127,
309,Ameer Abdullah\AbduAm00,DET,RB,23,2,2,0,0,0,0,0,18,101,5.61,0,5,5,57,11.40,1,22,29.8,24.3,,90,
310,Ronnie Hillman\HillRo00,2TM,RB,25,8,1,0,0,0,0,0,41,131,3.20,0,15,7,93,13.29,0,22,32.4,25.9,,89,
311,Ben Koyack\KoyaBe00,JAX,TE,23,14,7,0,0,0,0,0,0,0,,0,24,19,161,8.47,1,22,44.1,31.6,,49,
312,Roger Lewis\LewiRo03,NYG,WR,23,13,1,0,0,0,0,0,0,0,,0,19,7,97,13.86,2,22,28.7,25.2,,129,
313,Marquess Wilson\WilsMa02,CHI,WR,24,3,1,0,0,0,0,0,0,0,,0,16,9,160,17.78,1,22,34.0,26.5,,128,
314,Harry Douglas\DougHa00,TEN,WR,32,11,2,0,0,0,0,0,0,0,,0,22,15,210,14.00,0,21,39.0,28.5,,131,
315,Lance Dunbar\DunbLa00,DAL,RB,26,13,0,0,0,0,0,0,9,31,3.44,1,24,16,122,7.63,0,21,40.3,29.3,,91,
316,Darren Fells\FellDa01,ARI,TE,30,14,7,0,0,0,0,0,0,0,,0,18,14,154,11.00,1,21,38.4,28.4,,50,
317,Josh Hill\HillJo02,NOR,TE,26,9,8,0,0,0,0,0,0,0,,0,22,15,149,9.93,1,21,38.9,28.4,,52,
318,Vincent Jackson\JackVi00,TAM,WR,33,5,5,0,0,0,0,0,0,0,,0,32,15,173,11.53,0,21,35.3,24.8,,130,
319,Andre Johnson\JohnAn02,TEN,WR,35,8,3,0,0,0,0,0,0,0,,0,22,9,85,9.44,2,21,29.5,25.0,,132,
320,Austin Seferian-Jenkins\SefeAu00,2TM,TE,24,9,2,0,0,0,0,0,0,0,,0,20,13,154,11.85,1,21,37.4,27.9,,51,
321,Darren Waller\WallDa01,BAL,TE,24,12,3,0,0,0,0,0,0,0,,0,17,10,85,8.50,2,21,30.5,25.5,,53,
322,Danny Woodhead\WoodDa02,SDG,RB,31,2,1,0,0,0,0,0,19,116,6.11,0,8,6,35,5.83,1,21,30.1,24.1,,92,
323,Cody Core\CoreCo00,CIN,WR,22,8,4,0,0,0,0,0,0,0,,0,27,17,200,11.76,0,20,40.0,28.5,,134,
324,Anthony Fasano\FasaAn00,TEN,TE,32,16,9,0,0,0,0,0,0,0,,0,13,8,83,10.38,2,20,28.3,24.3,,54,
325,Jonathan Grimes\GrimJo01,HOU,RB,27,10,0,0,0,0,0,0,23,105,4.57,0,18,13,94,7.23,0,20,35.9,26.4,,93,
326,Demetrius Harris\HarrDe03,KAN,TE,25,16,11,0,0,0,0,0,0,0,,0,31,17,123,7.24,1,20,46.3,34.8,,55,
327,Freddie Martino\MartFr00,TAM,WR,25,13,0,0,0,0,0,0,0,0,,0,11,8,142,17.75,1,20,31.2,24.2,,133,
328,Bobby Rainey\RainBo00,NYG,RB,29,15,0,0,0,0,0,0,17,63,3.71,0,25,20,153,7.65,0,20,43.6,29.6,,94,
329,Kevin White\WhitKe00,CHI,WR,24,4,4,0,0,0,0,0,1,9,9.00,0,36,19,187,9.84,0,20,41.6,29.1,,135,
330,Benny Cunningham\CunnBe01,LAR,RB,26,11,0,0,0,0,0,0,21,101,4.81,0,21,16,91,5.69,0,19,38.2,27.2,,95,
331,Ed Dickson\DickEd00,CAR,TE,29,16,8,0,0,0,0,0,0,0,,0,19,10,134,13.40,1,19,32.4,24.4,,56,
332,Josh Huff\HuffJo00,2TM,WR,25,10,2,0,1,0,0,0,4,15,3.75,0,23,16,113,7.06,1,19,43.8,32.8,,136,
333,Charone Peake\PeakCh00,NYJ,WR,24,15,1,0,0,0,0,0,0,0,,0,35,19,186,9.79,0,19,46.6,34.1,,137,
334,Jerell Adams\AdamJe01,NYG,TE,24,13,2,0,0,0,0,0,0,0,,0,21,16,122,7.63,1,18,37.2,26.2,,57,
335,Arrelious Benn\BennAr00,JAX,WR,28,15,0,0,0,0,0,0,0,0,,0,10,5,116,23.20,1,18,25.6,20.1,,139,
336,Daniel Brown\BrowDa04,2TM,WR,24,8,3,0,0,0,0,0,0,0,,0,20,16,124,7.75,1,18,37.4,26.4,,138,
337,Ka'Deem Carey\CareKa00,CHI,RB,24,12,0,0,0,0,0,0,32,126,3.94,0,7,5,55,11.00,0,18,26.1,20.6,,97,
338,Andre Ellington\ElliAn00,ARI,RB,27,16,0,0,0,0,0,0,34,96,2.82,0,19,12,85,7.08,0,18,30.1,24.1,,96,
339,Tom Savage\SavaTo00,HOU,QB,26,3,2,46,73,461,0,0,6,12,2.00,0,0,0,0,,0,18,21.6,17.6,,46,
340,Derek Anderson\AndeDe00,CAR,QB,33,5,2,36,53,453,2,5,1,4,4.00,0,0,0,0,,0,17,25.5,21.5,,48,
341,Reggie Bush\BushRe00,BUF,RB,31,13,0,0,0,0,0,0,12,-3,-0.25,1,10,7,90,12.86,0,17,23.7,20.2,,98,
342,MarQueis Gray\GrayMa00,MIA,TE,27,16,7,0,0,0,0,0,0,0,,0,17,14,174,12.43,0,17,34.4,24.4,,58,
343,Kevin Hogan\HogaKe00,CLE,QB,24,4,0,14,26,104,0,2,8,105,13.13,1,0,0,0,,0,17,21.7,18.7,,47,
344,Denard Robinson\RobiDe00,JAX,RB,26,13,1,0,0,0,0,0,41,144,3.51,0,5,3,22,7.33,0,17,22.6,18.1,,99,
345,Brandon Tate\TateBr00,BUF,WR,29,15,1,0,0,0,0,0,3,48,16.00,0,12,8,117,14.63,0,17,27.5,20.5,,140,
346,Matt Cassel\CassMa00,TEN,QB,34,4,1,30,51,284,2,2,4,3,0.75,0,0,0,0,,0,16,17.7,17.7,,49,
347,Brent Celek\CeleBr00,PHI,WR,31,16,8,0,0,0,0,0,0,0,,0,19,14,155,11.07,0,16,32.5,22.5,,142,
348,Josh Ferguson\FergJo02,IND,RB,23,16,0,0,0,0,0,0,15,20,1.33,0,26,20,136,6.80,0,16,38.6,25.6,,101,
349,Chris Johnson\JohnCh04,ARI,RB,31,4,0,0,0,0,0,0,25,95,3.80,1,1,0,0,,0,16,15.5,15.5,,102,
350,Braxton Miller\MillBr03,HOU,WR,24,10,6,0,0,0,0,0,3,0,0.00,0,28,15,99,6.60,1,16,30.9,23.4,,141,
351,Terron Ward\WardTe00,ATL,RB,24,5,0,0,0,0,0,0,31,151,4.87,0,2,1,11,11.00,0,16,20.2,16.7,,100,
352,Stephen Anderson\AndeSt01,HOU,TE,23,13,0,0,0,0,0,0,0,0,,0,16,11,93,8.45,1,15,26.3,20.8,,59,
353,Tyler Higbee\HigbTy00,LAR,TE,23,16,6,0,0,0,0,0,0,0,,0,29,11,85,7.73,1,15,25.5,20.0,,60,
354,Greg Salas\SalaGr00,BUF,WR,28,2,1,0,0,0,0,0,0,0,,0,6,4,89,22.25,1,15,18.9,16.9,,144,
355,Cecil Shorts\ShorCe00,TAM,WR,29,9,5,0,0,0,0,0,0,0,,0,27,11,152,13.82,0,15,29.2,20.7,,143,
356,Mack Brown\BrowMa02,WAS,RB,25,9,0,0,0,0,0,0,8,82,10.25,1,1,1,-2,-2.00,0,14,15.0,14.5,,103,
357,A.J. Derby\DerbA.00,2TM,TE,25,10,3,0,0,0,0,0,0,0,,0,20,16,160,10.00,0,14,34.0,22.0,,62,
358,Jeff Heuerman\HeueJe00,DEN,TE,24,12,2,0,0,0,0,0,0,0,,0,17,9,141,15.67,0,14,26.1,18.6,,61,
359,Akeem Hunt\HuntAk01,HOU,RB,23,8,0,0,0,0,0,0,20,109,5.45,0,4,3,29,9.67,0,14,19.8,15.3,,104,
360,Andy Janovich\JanoAn00,DEN,RB,23,11,5,0,0,0,0,0,4,33,8.25,1,7,5,44,8.80,0,14,18.7,16.2,,105,
361,Brandon Myers\MyerBr00,TAM,TE,31,16,9,0,0,0,0,0,0,0,,0,14,7,59,8.43,1,14,20.9,17.4,,63,
362,Walt Powell\PoweWa00,BUF,WR,25,9,2,0,0,0,0,0,0,0,,0,25,14,142,10.14,0,14,31.2,21.2,,145,
363,Larry Donnell\DonnLa00,NYG,TE,28,14,6,0,0,0,0,0,0,0,,0,22,15,92,6.13,1,13,29.2,20.7,,65,
364,Arian Foster\FostAr00,MIA,RB,30,4,2,0,0,0,0,0,22,55,2.50,0,10,6,78,13.00,0,13,19.3,16.3,,106,
365,Crockett Gillmore\GillCr00,BAL,TE,25,7,5,0,0,0,0,0,0,0,,0,14,8,71,8.88,1,13,21.1,17.1,,67,
366,Chris Harper\HarpCh01,SFO,WR,23,9,2,0,0,0,0,0,0,0,,0,21,13,133,10.23,0,13,29.3,19.8,,146,
367,Nick O'Leary\OLeaNi00,BUF,TE,24,16,7,0,0,0,0,0,0,0,,0,14,9,114,12.67,0,13,25.4,17.9,,64,
368,John Phillips\PhilJo00,2TM,TE,29,16,7,0,0,0,0,0,0,0,,0,15,10,72,7.20,1,13,23.2,18.2,,66,
369,C.J. Spiller\SpilC.00,2TM,RB,29,6,0,0,0,0,0,0,6,18,3.00,0,13,6,50,8.33,1,13,18.8,15.8,,107,
370,Jaelen Strong\StroJa01,HOU,WR,22,8,2,0,0,0,0,0,0,0,,0,24,14,131,9.36,0,13,30.1,20.1,,147,
371,Paul Turner\TurnPa01,PHI,WR,23,4,2,0,0,0,0,0,0,0,,0,14,9,126,14.00,0,13,24.6,17.1,,150,
372,Markus Wheaton\WheaMa00,PIT,WR,25,3,2,0,0,0,0,0,0,0,,0,9,4,51,12.75,1,13,17.1,15.1,,148,
373,Jarius Wright\WrigJa02,MIN,WR,27,8,1,0,0,0,0,0,0,0,,0,14,11,67,6.09,1,13,23.7,18.2,,149,
374,Jordan Cameron\CameJo00,MIA,TE,28,3,3,0,0,0,0,0,0,0,,0,11,8,60,7.50,1,12,20.0,16.0,,69,
375,Mike Davis\DaviMi01,SFO,RB,24,8,1,0,0,0,0,0,19,50,2.63,1,5,3,25,8.33,0,12,15.5,13.0,,108,
376,Rhett Ellison\ElliRh00,MIN,TE,28,15,6,0,0,0,0,0,1,1,1.00,1,14,9,57,6.33,0,12,20.8,16.3,,70,
377,Brittan Golden\GoldBr00,ARI,WR,28,12,1,0,0,0,0,0,0,0,,0,14,8,82,10.25,1,12,21.2,16.2,,151,
378,Dominique Jones\JoneDo01,MIA,TE,29,9,2,0,0,0,0,0,0,0,,0,10,7,61,8.71,1,12,19.1,15.6,,68,
379,Jamaal Charles\CharJa00,KAN,RB,30,3,0,0,0,0,0,0,12,40,3.33,1,3,2,14,7.00,0,11,13.4,12.4,,109,
380,Patrick DiMarco\DiMaPa00,ATL,RB,27,16,8,0,0,0,0,0,0,0,,0,10,7,52,7.43,1,11,18.2,14.7,,111,
381,T.J. Jones\JoneT.00,DET,WR,24,3,0,0,0,0,0,0,0,0,,0,14,5,93,18.60,0,11,14.3,11.8,,152,
382,Neal Sterling\SterNe00,JAX,TE,28,10,1,0,0,0,0,0,0,0,,0,16,12,110,9.17,0,11,26.0,17.0,,71,
383,Charlie Whitehurst\WhitCh02,CLE,QB,34,1,0,14,24,182,1,1,2,1,0.50,0,0,0,0,,0,11,10.4,10.4,,50,
384,Lucky Whitehead\WhitLu00,DAL,WR,24,15,1,0,0,0,0,0,10,82,8.20,0,3,3,48,16.00,0,11,15.0,12.5,,153,
385,Jonathan Williams\WillJo07,BUF,RB,22,11,0,0,1,0,0,0,27,94,3.48,1,2,1,0,0.00,0,11,14.4,11.9,,110,
386,Demarcus Ayers\AyerDe00,PIT,WR,22,2,1,0,0,0,0,0,2,-12,-6.00,0,13,6,53,8.83,1,10,16.1,13.1,,154,
387,Alan Cross\CrosAl00,TAM,TE,23,14,0,0,0,0,0,0,0,0,,0,10,6,38,6.33,1,10,15.8,12.8,,73,
388,Shaun Hill\HillSh00,MIN,QB,36,3,1,19,35,242,0,0,5,5,1.00,0,0,0,0,,0,10,10.2,10.2,,51,
389,David Johnson\JohnDa05,PIT,RB,29,16,4,0,0,0,0,0,0,0,,0,11,7,80,11.43,0,10,17.0,13.5,,114,
390,Darren McFadden\McFaDa00,DAL,RB,29,3,2,0,0,0,0,0,24,87,3.63,0,5,3,17,5.67,0,10,13.4,11.9,,113,
391,Joshua Perkins\PerkJo02,ATL,TE,23,8,1,0,0,0,0,0,0,0,,0,5,3,42,14.00,1,10,13.2,11.7,,72,
392,Jeremy Ross\RossJe01,2TM,WR,28,6,1,0,0,0,0,0,0,0,,0,4,4,37,9.25,1,10,13.7,11.7,,156,
393,Antone Smith\SmitAn01,TAM,RB,31,3,0,0,0,0,0,0,10,47,4.70,0,9,6,77,12.83,0,10,17.4,13.4,,112,
394,James Wright\WrigJa03,CIN,WR,25,13,2,0,0,0,0,0,2,-6,-3.00,0,19,13,106,8.15,0,10,26.0,16.5,,155,
395,George Atkinson\AtkiGe01,CLE,RB,24,16,0,0,0,0,0,0,7,34,4.86,1,0,0,0,,0,9,9.4,9.4,,115,
396,Blake Bell\BellBl00,SFO,TE,25,13,0,0,0,0,0,0,0,0,,0,9,4,85,21.25,0,9,12.5,10.5,,75,
397,Leonte Carroo\CarrLe00,MIA,WR,22,14,2,0,0,0,0,0,0,0,,0,6,3,29,9.67,1,9,11.9,10.4,,158,
398,Pharoh Cooper\CoopPh00,LAR,WR,21,10,3,0,1,0,0,1,0,0,,0,20,14,106,7.57,0,9,26.6,16.6,,161,
399,Gavin Escobar\EscoGa00,DAL,TE,25,16,1,0,0,0,0,0,0,0,,0,7,4,30,7.50,1,9,13.0,11.0,,74,
400,Mike Glennon\GlenMi00,TAM,QB,27,2,0,10,11,75,1,0,0,0,,0,0,0,0,,0,9,9.0,9.0,,53,
401,Tyler Kroft\KrofTy00,CIN,WR,24,14,11,0,0,0,0,0,0,0,,0,12,10,92,9.20,0,9,19.2,14.2,,157,
402,Tommylee Lewis\LewiTo00,NOR,WR,24,12,1,0,0,0,0,0,3,11,3.67,0,11,7,76,10.86,0,9,15.7,12.2,,160,
403,Marcel Reece\ReecMa00,SEA,RB,31,4,0,0,0,0,0,0,2,0,0.00,0,5,5,73,14.60,0,9,14.3,11.8,,116,
404,Drew Stanton\StanDr00,ARI,QB,32,5,1,19,48,192,2,3,3,-3,-1.00,0,0,0,0,,0,9,12.4,12.4,,52,
405,Juwan Thompson\ThomJu01,DEN,RB,24,8,1,0,0,0,0,0,8,26,3.25,1,1,0,0,,0,9,8.6,8.6,,121,
406,Scott Tolzien\TolzSc00,IND,QB,29,3,1,23,37,216,1,2,6,3,0.50,0,0,0,0,,0,9,10.9,10.9,,54,
407,Fitzgerald Toussaint\TousFi00,PIT,RB,26,16,0,0,0,0,0,0,14,58,4.14,0,3,3,33,11.00,0,9,12.1,10.6,,118,
408,Bryce Treggs\TregBr00,PHI,WR,22,9,1,0,0,0,0,0,2,7,3.50,0,12,3,80,26.67,0,9,11.7,10.2,,159,
409,Terrell Watson\WatsTe00,PHI,RB,23,1,0,0,0,0,0,0,9,28,3.11,1,1,1,5,5.00,0,9,10.3,9.8,,117,
410,Derek Watt\WattDe00,SDG,RB,24,16,2,0,0,0,0,0,2,4,2.00,0,4,4,83,20.75,0,9,12.7,10.7,,120,
411,Andre Williams\WillAn00,SDG,RB,24,1,0,0,0,0,0,0,18,87,4.83,0,2,0,0,,0,9,8.7,8.7,,119,
412,Trevone Boykin\BoykTr00,SEA,QB,23,5,0,13,18,145,1,1,8,1,0.13,0,0,0,0,,0,8,8.9,8.9,,57,
413,Connor Cook\CookCo00,OAK,QB,23,1,0,14,21,150,1,1,0,0,,0,0,0,0,,0,8,8.0,7.0,,55,
414,Ryan Grant\GranRy01,WAS,WR,26,16,1,0,0,0,0,0,0,0,,0,19,9,76,8.44,0,8,16.6,12.1,,164,
415,Connor Hamlett\HamlCo01,CLE,TE,24,3,2,0,0,0,0,0,0,0,,0,1,1,17,17.00,1,8,8.7,8.2,,77,
416,Rashard Higgins\HiggRa00,CLE,WR,22,16,0,0,0,0,0,0,0,0,,0,12,6,77,12.83,0,8,13.7,10.7,,162,
417,Cody Latimer\LatiCo00,DEN,WR,24,12,1,0,0,0,0,0,0,0,,0,15,8,76,9.50,0,8,15.6,11.6,,163,
418,Matt Lengel\LengMa00,NWE,TE,26,6,0,0,0,0,0,0,0,0,,0,3,2,22,11.00,1,8,10.2,9.2,,76,
419,Geno Smith\SmitGe00,NYJ,QB,26,2,1,8,14,126,1,1,2,9,4.50,0,0,0,0,,0,8,8.9,8.9,,56,
420,Wendall Williams\WillWe00,HOU,WR,26,3,0,0,0,0,0,0,0,0,,0,7,4,75,18.75,0,8,11.5,9.5,,165,
421,Malcolm Brown\BrowMa03,LAR,RB,23,16,0,0,0,0,0,0,18,39,2.17,0,3,3,46,15.33,0,7,10.5,8.0,,124,
422,Aaron Burbridge\BurbAa00,SFO,WR,23,16,3,0,0,0,0,0,0,0,,0,16,7,88,12.57,0,7,14.8,10.3,,169,
423,Michael Campanaro\CampMi02,BAL,WR,25,3,0,0,0,0,0,0,3,72,24.00,0,1,0,0,,0,7,7.2,7.2,,166,
424,Josh Doctson\DoctJo00,WAS,WR,24,2,0,0,0,0,0,0,0,0,,0,6,2,66,33.00,0,7,8.6,7.6,,171,
425,Alex Erickson\EricAl01,CIN,WR,24,16,0,0,0,0,0,0,0,0,,0,8,6,71,11.83,0,7,13.1,10.1,,167,
426,Jerome Felton\FeltJe00,BUF,RB,30,15,4,0,0,0,0,0,8,13,1.63,0,9,6,57,9.50,0,7,13.0,10.0,,123,
427,Maurice Harris\HarrMa05,WAS,WR,24,10,0,0,0,0,0,0,0,0,,0,12,8,66,8.25,0,7,14.6,10.6,,170,
428,EJ Manuel\ManuEJ00,BUF,QB,26,6,1,11,26,131,0,0,8,22,2.75,0,0,0,0,,0,7,8.4,7.4,,58,
429,Byron Marshall\MarsBy01,PHI,RB,22,3,0,0,0,0,0,0,19,64,3.37,0,5,3,10,3.33,0,7,10.4,8.9,,122,
430,Chris Moore\MoorCh00,BAL,WR,23,15,0,0,0,0,0,0,3,19,6.33,0,16,7,46,6.57,0,7,19.5,16.0,,172,
431,Keith Mumphery\MumpKe00,HOU,WR,24,11,3,0,0,0,0,0,0,0,,0,12,10,69,6.90,0,7,16.9,11.9,,168,
432,Geoff Swaim\SwaiGe00,DAL,TE,23,9,6,0,0,0,0,0,0,0,,0,8,6,69,11.50,0,7,12.9,9.9,,78,
433,Keenan Allen\AlleKe00,SDG,WR,24,1,1,0,0,0,0,0,0,0,,0,7,6,63,10.50,0,6,12.3,9.3,,175,
434,Jace Amaro\AmarJa00,TEN,TE,24,3,0,0,0,0,0,0,0,0,,0,4,3,59,19.67,0,6,8.9,7.4,,82,
435,Brandon Bostick\BostBr00,NYJ,TE,27,16,7,0,0,0,0,0,0,0,,0,11,8,63,7.88,0,6,14.3,10.3,,79,
436,Trevor Davis\DaviTr03,GNB,WR,23,11,0,0,0,0,0,0,0,0,,0,7,3,24,8.00,1,6,10.4,7.9,,173,
437,Johnny Holton\HoltJo00,OAK,WR,25,15,0,0,0,0,0,0,6,43,7.17,0,3,2,34,17.00,0,6,8.7,6.7,,177,
438,Adrian Peterson\PeteAd01,MIN,RB,31,3,3,0,0,0,0,0,37,72,1.95,0,6,3,8,2.67,0,6,10.0,7.5,,125,
439,Phillip Supernaw\SupePh00,TEN,TE,26,15,2,0,0,0,0,0,0,0,,0,5,4,62,15.50,0,6,10.2,8.2,,80,
440,De'Anthony Thomas\ThomDe05,KAN,WR,23,12,0,0,0,0,0,0,4,29,7.25,0,9,7,35,5.00,0,6,13.4,9.9,,174,
441,D.J. Tialavea\TialD.00,ATL,TE,25,2,0,0,0,0,0,0,0,0,,0,1,1,1,1.00,1,6,7.1,6.6,,81,
442,Jordan Todman\TodmJo00,IND,RB,26,16,0,0,0,0,0,0,9,59,6.56,0,1,0,0,,0,6,11.9,11.9,,126,
443,Nick Williams\WillNi02,ATL,WR,26,2,0,0,0,0,0,0,0,0,,0,7,5,59,11.80,0,6,10.9,8.4,,176,
444,Javorius Allen\AlleJa01,BAL,RB,25,8,0,0,0,0,0,0,9,34,3.78,0,4,3,15,5.00,0,5,7.9,6.4,,128,
445,Knile Davis\DaviKn00,2TM,RB,25,11,0,0,0,0,0,0,18,28,1.56,0,7,5,25,5.00,0,5,10.3,7.8,,127,
446,Dwayne Harris*\HarrDw00,NYG,WR,29,16,1,0,0,0,0,0,0,0,,0,1,1,13,13.00,1,5,7.3,5.8,,178,
447,Tavarres King\KingTa00,NYG,WR,26,7,0,0,0,0,0,0,0,0,,0,4,2,50,25.00,0,5,7.0,6.0,,179,
448,Ifeanyi Momah\MomaIf00,ARI,TE,27,5,1,0,0,0,0,0,0,0,,0,4,2,50,25.00,0,5,7.0,6.0,,83,
449,Troymaine Pope\PopeTr00,2TM,RB,23,4,0,0,0,0,0,0,12,44,3.67,0,2,1,5,5.00,0,5,5.9,5.4,,129,
450,Tony Romo\RomoTo00,DAL,QB,36,1,0,3,4,29,1,0,0,0,,0,0,0,0,,0,5,5.2,5.2,,59,
451,Brandon Wilds\WildBr01,NYJ,RB,23,4,0,0,0,0,0,0,10,27,2.70,0,2,2,20,10.00,0,5,6.7,5.7,,130,
452,Nick Boyle\BoylNi00,BAL,TE,23,6,0,0,0,0,0,0,0,0,,0,6,6,44,7.33,0,4,10.4,7.4,,84,
453,Ben Braunecker\BrauBe00,CHI,TE,22,13,2,0,0,0,0,0,0,0,,0,6,4,41,10.25,0,4,8.1,6.1,,85,
454,Quan Bray\BrayQu00,IND,WR,23,6,0,0,0,0,0,0,1,7,7.00,0,4,3,36,12.00,0,4,7.3,5.8,,180,
455,Mike James\JameMi00,TAM,RB,25,4,0,0,0,0,0,0,4,19,4.75,0,4,4,22,5.50,0,4,8.1,6.1,,132,
456,Taiwan Jones\JoneTa00,OAK,RB,28,13,0,0,0,0,0,0,1,-8,-8.00,0,4,4,43,10.75,0,4,7.5,5.5,,134,
457,Daniel Lasco\LascDa00,NOR,RB,24,7,0,0,0,0,0,0,11,32,2.91,0,4,2,11,5.50,0,4,6.3,5.3,,131,
458,Bradley Marquez\MarqBr00,LAR,WR,24,14,0,0,0,0,0,0,1,2,2.00,0,7,3,37,12.33,0,4,6.9,5.4,,181,
459,Dexter McCluster\McClDe00,SDG,WR,27,6,0,0,0,0,0,0,3,2,0.67,0,11,7,36,5.14,0,4,10.8,7.3,,182,
460,Justin Perillo\PeriJu00,GNB,TE,25,9,1,0,0,0,0,0,0,0,,0,5,4,35,8.75,0,4,7.5,5.5,,86,
461,Brandon Williams\WillBr04,SEA,RB,29,16,1,0,0,0,0,0,0,0,,0,3,2,36,18.00,0,4,5.6,4.6,,133,
462,Derek Carrier\CarrDe00,WAS,TE,26,8,0,0,0,0,0,0,0,0,,0,2,2,10,5.00,0,3,3.0,2.0,,88,
463,D.J. Foster\FostD.01,NWE,RB,23,3,0,0,0,0,0,0,7,24,3.43,0,2,1,2,2.00,0,3,3.6,3.1,,138,
464,Don Jackson\JackDo01,GNB,RB,23,3,1,0,0,0,0,0,10,32,3.20,0,1,0,0,,0,3,3.2,3.2,,135,
465,Malcolm Johnson\JohnMa06,CLE,RB,24,7,1,0,0,0,0,0,1,2,2.00,0,7,5,44,8.80,0,3,8.6,5.1,,139,
466,Sean McGrath\McGrSe00,SDG,TE,29,16,5,0,0,0,0,0,0,0,,0,2,2,25,12.50,0,3,4.5,3.5,,91,
467,Niles Paul\PaulNi00,WAS,TE,27,8,1,0,0,0,0,0,0,0,,0,2,2,27,13.50,0,3,4.7,3.7,,90,
468,Isaiah Pead\PeadIs00,MIA,RB,27,3,0,0,0,0,0,0,8,22,2.75,0,1,1,6,6.00,0,3,3.8,3.3,,136,
469,Keith Smith\SmitKe03,DAL,RB,24,16,1,0,0,0,0,0,2,5,2.50,0,4,3,20,6.67,0,3,5.5,4.0,,140,
470,Lee Smith\SmitLe00,OAK,TE,29,4,4,0,0,0,0,0,0,0,,0,6,6,29,4.83,0,3,8.9,5.9,,89,
471,Nick Vannett\VannNi00,SEA,TE,23,9,2,0,0,0,0,0,0,0,,0,4,3,32,10.67,0,3,6.2,4.7,,87,
472,Dan Vitale\VitaDa00,CLE,RB,23,9,3,0,0,0,0,0,0,0,,0,5,4,27,6.75,0,3,6.7,4.7,,137,
473,Antonio Andrews\AndrAn00,TEN,RB,24,16,0,0,0,0,0,0,2,15,7.50,0,0,0,0,,0,2,1.5,1.5,,146,
474,Brenton Bersin\BersBr00,CAR,WR,26,10,0,0,0,0,0,0,0,0,,0,6,2,17,8.50,0,2,3.7,2.7,,189,
475,Brandon Bolden\BoldBr00,NWE,RB,26,14,0,0,0,0,0,0,1,4,4.00,0,4,2,15,7.50,0,2,3.9,2.9,,141,
476,Damiere Byrd\ByrdDa00,CAR,WR,23,1,0,0,0,0,0,0,0,0,,0,1,1,16,16.00,0,2,2.6,2.1,,191,
477,James Develin\DeveJa00,NWE,RB,28,16,4,0,0,0,0,0,0,0,,0,6,3,18,6.00,0,2,4.8,3.3,,142,
478,Jalston Fowler\FowlJa00,TEN,RB,26,16,7,0,0,0,0,0,1,3,3.00,0,2,1,14,14.00,0,2,2.7,2.2,,144,
479,Clay Harbor\HarbCl00,2TM,TE,29,15,2,0,0,0,0,0,0,0,,0,3,3,19,6.33,0,2,4.9,3.4,,93,
480,Percy Harvin\HarvPe00,BUF,WR,28,2,1,0,0,0,0,0,1,11,11.00,0,4,2,6,3.00,0,2,3.7,2.7,,190,
481,Cardale Jones\JoneCa01,BUF,QB,24,1,0,6,11,96,0,1,1,-1,-1.00,0,0,0,0,,0,2,2.7,2.7,,60,
482,Zach Line\LineZa01,MIN,TE,26,15,4,0,0,0,0,0,7,15,2.14,0,3,0,0,,0,2,1.5,1.5,,97,
483,Marc Mariani\MariMa00,TEN,WR,29,16,0,0,0,0,0,0,1,15,15.00,0,0,0,0,,0,2,1.5,1.5,,193,
484,Matt McGloin\McGlMa01,OAK,QB,27,3,1,8,15,50,0,0,3,-3,-1.00,0,0,0,0,,0,2,1.7,1.7,,61,
485,J.D. McKissic\McKiJ.00,SEA,RB,23,1,0,0,0,0,0,0,1,2,2.00,0,2,2,16,8.00,0,2,3.8,2.8,,143,
486,Logan Paulsen\PaulLo00,CHI,TE,29,16,12,0,0,0,0,0,0,0,,0,10,3,15,5.00,0,2,4.5,3.0,,96,
487,Cedric Peerman\PeerCe00,CIN,RB,30,6,0,0,0,0,0,0,6,15,2.50,0,1,0,0,,0,2,1.5,1.5,,147,
488,Jay Prosch\ProsJa00,HOU,RB,24,15,1,0,0,0,0,0,4,9,2.25,0,1,1,6,6.00,0,2,2.5,2.0,,145,
489,DeAndre Smelter\SmelDe00,SFO,WR,25,2,0,0,0,0,0,0,0,0,,0,1,1,23,23.00,0,2,3.3,2.8,,184,
490,Devin Smith\SmitDe04,NYJ,WR,24,4,0,0,0,0,0,0,0,0,,0,3,1,20,20.00,0,2,3.0,2.5,,187,
491,Luke Stocker\StocLu00,TAM,TE,28,12,10,0,0,0,0,0,0,0,,0,8,5,23,4.60,0,2,7.3,4.8,,92,
492,Devin Street\StreDe00,IND,WR,25,5,0,0,0,0,0,0,0,0,,0,6,1,20,20.00,0,2,3.0,2.5,,186,
493,Mike Thomas\ThomMi04,LAR,WR,22,15,0,0,0,0,0,0,0,0,,0,9,3,37,12.33,0,2,5.7,3.2,,188,
494,Ross Travis\TravRo00,KAN,TE,23,6,3,0,0,0,0,0,0,0,,0,6,3,15,5.00,0,2,4.5,3.0,,95,
495,Laquon Treadwell\TreaLa00,MIN,WR,21,9,1,0,0,0,0,0,0,0,,0,3,1,15,15.00,0,2,2.5,2.0,,192,
496,Griff Whalen\WhalGr00,SDG,WR,26,8,0,0,0,0,0,0,0,0,,0,4,2,22,11.00,0,2,4.2,3.2,,185,
497,Cole Wick\WickCo00,DET,TE,23,6,0,0,0,0,0,0,0,0,,0,3,2,18,9.00,0,2,3.8,2.8,,94,
498,Shane Wynn\WynnSh00,JAX,WR,24,5,0,0,0,0,0,0,2,5,2.50,0,3,1,19,19.00,0,2,3.4,2.9,,183,
499,Jared Abbrederis\AbbrJa00,GNB,WR,26,5,0,0,0,0,0,0,0,0,,0,2,1,8,8.00,0,1,1.8,1.3,,198,
500,Joe Banyard\BanyJo00,JAX,RB,28,1,0,0,0,0,0,0,2,7,3.50,0,0,0,0,,0,1,0.7,0.7,,156,
501,Jeremy Butler\ButlJe01,SDG,WR,25,4,0,0,0,0,0,0,0,0,,0,2,2,11,5.50,0,1,3.1,2.1,,195,
502,Gerald Christian\ChriGe00,BUF,TE,25,3,0,0,0,0,0,0,0,0,,0,2,1,14,14.00,0,1,2.4,1.9,,98,
503,Chase Daniel\DaniCh00,PHI,QB,30,1,0,1,1,16,0,0,0,0,,0,0,0,0,,0,1,0.6,0.6,,63,
504,Alex Ellis\ElliAl01,JAX,TE,23,6,3,0,0,0,0,0,0,0,,0,4,3,11,3.67,0,1,4.1,2.6,,102,
505,David Fales\FaleDa00,CHI,QB,26,1,0,2,5,22,0,0,1,0,0.00,0,0,0,0,,0,1,0.9,0.9,,62,
506,George Farmer\FarmGe02,SEA,RB,23,2,0,0,0,0,0,0,1,1,1.00,0,3,1,4,4.00,0,1,1.5,1.0,,159,
507,Rashad Greene\GreeRa00,JAX,WR,24,8,0,0,0,0,0,0,0,0,,0,8,5,32,6.40,0,1,7.2,3.7,,194,
508,Je'Ron Hamm\HammJe01,SFO,TE,24,5,0,0,0,0,0,0,0,0,,0,4,2,13,6.50,0,1,3.3,2.3,,99,
509,Ryan Hewitt\HewiRy00,CIN,RB,25,16,11,0,0,0,0,0,0,0,,0,3,2,13,6.50,0,1,3.3,2.3,,148,
510,Bronson Hill\HillBr01,JAX,RB,23,3,0,0,0,0,0,0,2,11,5.50,0,1,0,0,,0,1,1.1,1.1,,153,
511,Henry Krieger-Coble\KrieHe00,DEN,TE,24,2,0,0,0,0,0,0,0,0,,0,1,1,13,13.00,0,1,2.3,1.8,,101,
512,Paul Lasike\LasiPa00,CHI,RB,26,10,3,0,0,0,0,0,3,8,2.67,0,1,1,3,3.00,0,1,2.1,1.6,,151,
513,Terrence Magee\MageTe00,SEA,RB,23,2,0,0,0,0,0,0,3,12,4.00,0,0,0,0,,0,1,1.2,1.2,,149,
514,Chris Manhertz\ManhCh00,2TM,TE,24,7,2,0,0,0,0,0,0,0,,0,1,1,10,10.00,0,1,2.0,1.5,,103,
515,Paul McRoberts\McRoPa00,LAR,WR,24,2,0,0,0,0,0,0,0,0,,0,1,1,6,6.00,0,1,1.6,1.1,,199,
516,Raheem Mostert\MostRa00,2TM,RB,24,3,0,0,0,0,0,0,1,6,6.00,0,0,0,0,,0,1,0.6,0.6,,158,
517,Matthew Mulligan\MullMa00,DET,TE,31,8,0,0,0,0,0,0,0,0,,0,1,1,8,8.00,0,1,1.8,1.3,,104,
518,Roosevelt Nix\NixxRo01,PIT,RB,24,10,3,0,0,0,0,0,0,0,,0,2,2,5,2.50,0,1,2.5,1.5,,160,
519,MyCole Pruitt\PruiMy00,2TM,TE,24,4,0,0,0,0,0,0,0,0,,0,2,2,13,6.50,0,1,3.3,2.3,,100,
520,Daryl Richardson\RichDa00,PIT,RB,26,3,0,0,0,0,0,0,2,7,3.50,0,0,0,0,,0,1,0.7,0.7,,157,
521,Stevan Ridley\RidlSt00,ATL,RB,27,1,0,0,0,0,0,0,3,7,2.33,0,0,0,0,,0,1,0.7,0.7,,155,
522,Rashad Ross\RossRa00,WAS,WR,26,5,0,0,0,0,0,0,0,0,,0,1,1,8,8.00,0,1,1.8,1.3,,197,
523,Anthony Sherman\SherAn00,KAN,RB,28,16,3,0,0,0,0,0,0,0,,0,6,4,11,2.75,0,1,5.1,3.1,,152,
524,Lorenzo Taliaferro\TaliLo00,BAL,RB,25,3,0,0,0,0,0,0,1,0,0.00,0,3,3,10,3.33,0,1,4.0,2.5,,154,
525,Stepfan Taylor\TaylSt00,ARI,RB,25,15,0,0,0,0,0,0,4,12,3.00,0,0,0,0,,0,1,1.2,1.2,,150,
526,Tony Washington\WashTo00,JAX,WR,26,2,0,0,0,0,0,0,0,0,,0,1,1,9,9.00,0,1,1.9,1.4,,196,
527,Mario Alford\AlfoMa00,CLE,,24,3,0,0,0,0,0,0,0,0,,0,0,0,0,,0,,,,,208,
528,Joique Bell\BellJo01,2TM,RB,30,7,0,0,0,0,0,0,3,6,2.00,0,1,1,-2,-2.00,0,,1.4,0.9,,163,
529,Braedon Bowman\BowmBr00,NYJ,,22,3,0,0,0,0,0,0,0,0,,0,1,0,0,,0,,,,,112,
530,Brandon Burks\BurkBr00,NYJ,RB,23,1,0,0,0,0,0,0,2,-4,-2.00,0,0,0,0,,0,,-0.4,-0.4,,169,
531,Isaiah Burse\BursIs01,SDG,,25,9,1,0,0,0,0,0,0,0,,0,4,0,0,,0,,,,,207,
532,Michael Burton\BurtMi00,DET,,24,15,0,0,0,0,0,0,0,0,,0,1,0,0,,0,,,,,2,
533,Orson Charles\CharOr00,DET,,25,2,0,0,0,0,0,0,0,0,,0,0,0,0,,0,,,,,111,
534,Kellen Clemens\ClemKe00,SDG,QB,33,12,0,0,1,0,0,0,2,-1,-0.50,0,0,0,0,,0,,-0.1,-0.1,,68,
535,Asante Cleveland\ClevAs00,SDG,,24,4,0,0,0,0,0,0,0,0,,0,0,0,0,,0,,,,,107,
536,Chase Coffman\CoffCh00,IND,,30,2,0,0,0,0,0,0,0,0,,0,0,0,0,,0,,,,,117,
537,Geremy Davis\DaviGe00,SDG,,24,3,0,0,0,0,0,0,0,0,,0,2,0,0,,0,,,,,205,
538,Kellen Davis\DaviKe01,NYJ,,31,8,7,0,0,0,0,0,0,0,,0,1,0,0,,0,,,,,109,
539,Jim Dray\DrayJi00,2TM,,30,6,2,0,0,0,0,0,0,0,,0,0,0,0,,0,,,,,121,
540,Donteea Dye\DyexDo00,TAM,,23,1,0,0,0,0,0,0,0,0,,0,0,0,0,,0,,,,,204,
541,Glenn Gronkowski\GronGl01,BUF,,23,1,0,0,0,0,0,0,0,0,,0,0,0,0,,0,,,,,1,
542,Russell Hansbrough\HansRu00,TAM,,23,2,0,0,0,0,0,0,0,0,,0,0,0,0,,0,,,,,167,
543,Cory Harkey\HarkCo00,LAR,,26,12,1,0,0,0,0,0,0,0,,0,0,0,0,,0,,,,,108,
544,Clark Harris\HarrCl20,CIN,,32,13,0,0,0,0,0,0,0,0,,0,0,0,0,,0,,,,,119,
545,Temarrick Hemingway\HemiTe00,LAR,,23,8,0,0,0,0,0,0,0,0,,0,0,0,0,,0,,,,,113,
546,Chad Henne\HennCh01,JAX,QB,31,1,0,0,0,0,0,0,1,-2,-2.00,0,0,0,0,,0,,-0.2,-0.2,,69,
547,Julian Howsare\HowsJu00,NYJ,,24,2,0,0,0,0,0,0,0,0,,0,0,0,0,,0,,,,,3,
548,Joe Kerridge\KerrJo00,GNB,RB,24,8,0,0,0,0,0,0,1,0,0.00,0,0,0,0,,0,,,,,168,
549,Jake Lampman\LampJa00,NOR,,23,6,0,0,0,0,0,0,0,0,,0,0,0,0,,0,,,,,202,
550,Khari Lee\LeexKh00,DET,,24,8,0,0,0,0,0,0,0,0,,0,1,0,0,,0,,,,,116,
551,Dezmin Lewis\LewiDe02,BUF,,24,1,0,0,0,0,0,0,0,0,,0,1,0,0,,0,,,,,210,
552,Tony Lippett\LippTo00,MIA,,24,16,13,0,0,0,0,0,0,0,,0,0,0,0,,0,,,,,203,
553,Vince Mayle\MaylVi00,DAL,,25,6,0,0,0,0,0,0,0,0,,0,0,0,0,,0,,,,,212,
554,Tre McBride\McBrTr00,TEN,,24,2,0,0,0,0,0,0,0,0,,0,0,0,0,,0,,,,,201,
555,A.J. McCarron\McCaA.00,CIN,,26,1,0,0,0,0,0,0,0,0,,0,0,0,0,,0,,,,,67,
556,David Morgan\MorgDa01,MIN,TE,23,12,0,0,0,0,0,0,0,0,,0,1,1,4,4.00,0,,1.4,0.9,,106,
557,Marcus Murphy\MurpMa03,NOR,RB,25,3,0,0,0,0,0,0,0,0,,0,1,1,3,3.00,0,,1.3,0.8,,164,
558,Troy Niklas\NiklTr00,ARI,TE,24,3,2,0,0,0,0,0,0,0,,0,2,1,0,0.00,0,,1.0,0.5,,114,
559,James O'Shaughnessy\O'ShJa00,KAN,TE,24,16,3,0,0,0,0,0,0,0,,0,3,2,-1,-0.50,0,,1.9,0.9,,122,
560,Ryan O'Malley\OMalRy00,OAK,,23,1,0,0,0,0,0,0,0,0,,0,0,0,0,,0,,,,,120,
561,Jordan Payton\PaytJo00,CLE,WR,23,4,0,0,0,0,0,0,0,0,,0,3,1,3,3.00,0,,1.3,0.8,,200,
562,Chase Reynolds\ReynCh00,LAR,RB,29,16,0,0,0,0,0,0,0,0,,0,1,1,4,4.00,0,,1.4,0.9,,162,
563,Demarcus Robinson\RobiDe01,KAN,,22,16,0,0,0,0,0,0,0,0,,0,0,0,0,,0,,,,,209,
564,Khiry Robinson\RobiKh00,NYJ,RB,27,1,0,0,0,0,0,0,8,22,2.75,0,0,0,0,,0,,1.2,0.2,,166,
565,Mark Sanchez\SancMa00,DAL,QB,30,2,0,10,18,93,0,2,4,-2,-0.50,0,0,0,0,,0,,1.5,1.5,,70,
566,Matt Schaub\SchaMa00,ATL,QB,35,4,0,1,3,16,0,0,2,-2,-1.00,0,0,0,0,,0,,0.4,0.4,,64,
567,Rod Smith\SmitRo06,DAL,RB,22,7,0,0,0,0,0,0,0,0,,0,1,1,4,4.00,0,,1.4,0.9,,161,
568,Nate Solder\SoldNa00,NWE,,28,15,15,0,0,0,0,0,0,0,,0,0,0,0,,0,,,,,118,
569,Randall Telfer\TelfRa00,CLE,TE,24,14,5,0,0,0,0,0,0,0,,0,7,2,4,2.00,0,,2.4,1.4,,105,
570,Will Tukuafu\TukuWi00,SEA,RB,32,7,1,0,0,0,0,0,2,2,1.00,0,1,0,0,,0,,0.2,0.2,,165,
571,Hakeem Valles\VallHa00,ARI,,24,11,1,0,0,0,0,0,0,0,,0,2,0,0,,0,,,,,110,
572,Joe Webb\WebbJo00,CAR,QB,30,14,0,0,0,0,0,0,0,0,,0,3,1,3,3.00,0,,1.3,0.8,,65,
573,Eric Weems\WeemEr00,ATL,,31,16,0,0,0,0,0,0,0,0,,0,0,0,0,,0,,,,,206,
574,Kasen Williams\WillKa02,SEA,,24,1,0,0,0,0,0,0,0,0,,0,1,0,0,,0,,,,,211,
575,Maxx Williams\WillMa04,BAL,,22,4,0,0,0,0,0,0,0,0,,0,0,0,0,,0,,,,,115,
576,T.J. Yates\YateT.00,MIA,,29,0,0,0,0,0,0,0,0,0,,0,0,0,0,,0,,,,,66,
577,Bralon Addison\AddiBr01,CHI,RB,23,2,0,0,0,0,0,0,1,4,4.00,0,1,1,11,11.00,0,-1,1.5,,,170,
578,Sean Mannion\MannSe00,LAR,QB,24,1,0,3,6,19,0,1,1,-1,-1.00,0,0,0,0,,0,-1,-0.3,-0.3,,71,
579,Tyler Ervin\ErviTy00,HOU,RB,23,12,0,0,0,0,0,0,1,3,3.00,0,5,3,18,6.00,0,-2,3.1,-0.4,,171,
580,Jakeem Grant\GranJa00,MIA,WR,24,16,0,0,0,0,0,0,1,1,1.00,0,1,0,0,,0,-2,5.1,4.1,,214,
581,Brett Hundley\HundBr00,GNB,QB,23,4,0,2,10,17,0,1,3,-2,-0.67,0,0,0,0,,0,-2,-0.5,-0.5,,72,
582,Ryan Mallett\MallRy00,BAL,QB,28,4,0,3,6,26,0,1,5,-6,-1.20,0,0,0,0,,0,-2,-0.6,-0.6,,73,
583,Keshawn Martin\MartKe01,SFO,,26,1,0,0,0,0,0,0,0,0,,0,0,0,0,,0,-2,-1.0,-2.0,,215,
584,Matt Slater*+\SlatMa00,NWE,WR,31,13,0,0,0,0,0,0,1,5,5.00,0,1,0,0,,0,-2,-0.5,-1.5,,213,