Cam Newton Car,QB,Thu 7:30 pm @ Den,EanTop/WillisBottom,16.0,7,350.96,100%,1,,3815,27.3,11.3,119,620,5.8,0.0,0.0,0.0,0.0,0.0,0.9,4.8 
Aaron Rodgers GB,QB,Sun 12:00 pm @ Jax,TexasSucks,16.0,4,319.58,100%,2,,4388,29.4,10.1,47.5,224,1.9,0.0,0.0,0.0,0.0,0.0,0.8,4.1 
Andrew Luck Ind,QB,Sun 3:25 pm vs Det,Chaz's Crazy Team,16.0,10,318.87,100%,3,,4236,31.6,17.1,57.2,279,1.5,0.0,0.0,0.0,0.0,0.0,0.9,4.4 
Drew Brees NO,QB,Sun 12:00 pm vs Oak,Angry Handies,16.0,5,317.71,100%,4,,4833,31.8,14.0,21.6,30.9,0.7,0.0,0.0,0.0,0.0,0.0,0.9,5.3 
Russell Wilson Sea,QB,Sun 3:05 pm vs Mia,Mariota Kart,16.0,5,317.27,100%,5,,3849,27.0,10.1,87.1,431,3.2,0.0,0.0,0.0,0.0,0.0,0.8,4.2 
Ben Roethlisberger Pit,QB,Mon 6:10 pm @ Was,A Little Willly Pete,16.0,8,312.13,100%,6,,4717,30.3,13.9,26.4,64.3,1.1,0.0,0.0,0.0,0.0,0.0,0.8,4.0 
Eli Manning NYG,QB,Sun 3:25 pm @ Dal,Le'Veon a Prayer,16.0,8,302.76,97%,7,,4632,30.1,13.6,16.5,46.2,0.5,0.0,0.0,0.0,0.0,0.0,0.8,4.3 
Andy Dalton Cin,QB,Sun 12:00 pm @ NYJ,Angry Handies,16.0,9,296.61,87%,8,,4047,28.1,10.4,54.3,192,1.7,0.0,0.0,0.0,0.0,0.0,0.8,4.0 
Carson Palmer Ari,QB,Sun 7:30 pm vs NE,Björk'sPlatnumAlbum,16.0,9,295.71,99%,9,,4456,29.8,12.9,26.6,26.2,0.9,0.0,0.0,0.0,0.0,0.0,0.8,4.3 
Matthew Stafford Det,QB,Sun 3:25 pm @ Ind,FA,16.0,10,295.04,79%,10,,4362,27.7,12.6,32.8,134,1.0,0.0,0.0,0.0,0.0,0.0,0.8,4.2 
Blake Bortles Jax,QB,Sun 12:00 pm vs GB,T.M.N. Bortles,16.0,5,294.50,96%,11,,4010,28.1,15.0,48.7,228,1.8,0.0,0.0,0.0,0.0,0.0,0.8,3.9 
Kirk Cousins Was,QB,Mon 6:10 pm vs Pit,FA,16.0,9,292.27,90%,12,,4474,27.8,12.7,34.2,71.3,0.8,0.0,0.0,0.0,0.0,0.0,0.8,4.3 
Philip Rivers SD,QB,Sun 12:00 pm @ KC,SlobOnMyCobb,16.0,11,292.13,95%,13,,4577,28.9,13.9,12.5,24.7,0.3,0.0,0.0,0.0,0.0,0.0,0.8,4.7 
Derek Carr Oak,QB,Sun 12:00 pm @ NO,EanTop/WillisBottom,16.0,10,287.70,88%,14,,4054,29.7,14.1,30.1,122,0.9,0.0,0.0,0.0,0.0,0.0,0.8,4.6 
Ryan Fitzpatrick NYJ,QB,Sun 12:00 pm vs Cin,FA,16.0,11,280.61,38%,15,,4003,26.1,15.2,44.5,183,1.7,0.0,0.0,0.0,0.0,0.0,0.7,4.2 
Jameis Winston TB,QB,Sun 12:00 pm @ Atl,Björk'sPlatnumAlbum,16.0,6,279.12,82%,16,,3997,24.5,14.1,54.2,217,1.7,0.0,0.0,0.0,0.0,0.0,0.7,4.3 
Tyrod Taylor Buf,QB,Sun 12:00 pm @ Bal,A Little Willly Pete,16.0,10,278.51,85%,17,,3337,19.8,11.2,102,498,4.1,0.0,0.0,0.0,0.0,0.0,0.6,3.9 
Marcus Mariota Ten,QB,Sun 12:00 pm vs Min,ChrisCartersFallGuys,16.0,13,274.96,74%,18,,3800,21.2,14.3,67.2,378,2.0,0.0,0.0,0.0,0.0,0.0,0.6,4.0 
Matt Ryan Atl,QB,Sun 12:00 pm vs TB,T.M.N. Bortles,16.0,11,273.09,66%,19,,4579,22.1,15.9,31.0,82.7,1.0,0.0,0.0,0.0,0.0,0.0,0.6,5.2 
Ryan Tannehill Mia,QB,Sun 3:05 pm @ Sea,Chaz's Crazy Team,16.0,8,272.17,36%,20,,4058,24.3,13.3,38.8,157,1.3,0.0,0.0,0.0,0.0,0.0,0.7,4.3 
Brock Osweiler Hou,QB,Sun 12:00 pm vs Chi,FA,16.0,9,269.83,27%,21,,3964,24.1,11.7,51.5,134,1.8,0.0,0.0,0.0,0.0,0.0,0.7,4.1 
Jay Cutler Chi,QB,Sun 12:00 pm @ Hou,SlobOnMyCobb,16.0,9,264.80,18%,22,,4022,22.3,11.6,35.1,160,1.3,0.0,0.0,0.0,0.0,0.0,0.6,3.9 
Alex Smith KC,QB,Sun 12:00 pm vs SD,FA,16.0,5,262.61,20%,23,,3535,18.7,9.6,73.8,395,2.3,0.0,0.0,0.0,0.0,0.0,0.6,4.3 
Antonio Brown Pit,WR,Mon 6:10 pm @ Was,Angry Handies,16.0,8,258.42,100%,24,,0.0,0.0,0.0,3.9,22.3,0.1,189,133,1860,11.1,0.4,0.3,0.8 
Joe Flacco Bal,QB,Sun 12:00 pm vs Buf,FA,16.0,8,257.88,17%,25,,4173,24.8,17.1,18.0,32.5,0.5,0.0,0.0,0.0,0.0,0.0,0.7,4.4 
Robert Griffin III Cle,QB,Sun 12:00 pm @ Phi,FA,16.0,13,245.45,26%,26,,3200,18.7,9.7,66.8,363,2.3,0.0,0.0,0.0,0.0,0.0,0.6,3.2 
Tom Brady NE,QB,Sun 7:30 pm @ Ari,All A'Bortles,12.0,9,237.31,98%,27,,3443,24.6,8.5,26.7,37.6,0.6,0.0,0.0,0.0,0.0,0.0,0.7,3.3 
Blaine Gabbert SF,QB,Mon 9:20 pm vs LA,FA,16.0,8,233.96,3%,28,,3498,17.3,11.8,52.4,235,1.8,0.0,0.0,0.0,0.0,0.0,0.5,4.2 
Adrian Peterson Min,RB,Sun 12:00 pm @ Ten,SlobOnMyCobb,16.0,6,231.56,100%,31,,0.0,0.0,0.0,313,1428,10.4,30.8,27.6,200,0.8,0.0,0.3,2.3 
Sam Bradford Phi,QB,Sun 12:00 pm vs Cle,FA,16.0,4,230.29,8%,29,,3648,22.3,13.1,18.3,26.9,0.5,0.0,0.0,0.0,0.0,0.0,0.6,3.6 
David Johnson Ari,RB,Sun 7:30 pm vs NE,TexasSucks,16.0,9,229.82,100%,30,,0.0,0.0,0.0,265,1114,7.7,72.3,49.4,511,3.3,0.0,0.3,2.2 
Julio Jones Atl,WR,Sun 12:00 pm vs TB,Björk'sPlatnumAlbum,16.0,11,226.16,100%,32,,0.0,0.0,0.0,0.0,0.0,0.0,183,127,1765,8.2,0.0,0.2,1.0 
Todd Gurley LA,RB,Mon 9:20 pm @ SF,Björk'sPlatnumAlbum,16.0,8,223.68,100%,33,,0.0,0.0,0.0,313,1354,9.2,41.4,32.7,257,1.0,0.0,0.3,2.4 
Odell Beckham Jr. NYG,WR,Sun 3:25 pm @ Dal,T.M.N. Bortles,16.0,8,211.50,100%,34,,0.0,0.0,0.0,0.0,0.0,0.0,162,101,1518,9.8,0.0,0.2,0.7 
Lamar Miller Hou,RB,Sun 12:00 pm vs Chi,A Little Willly Pete,16.0,9,207.57,100%,35,,0.0,0.0,0.0,268,1189,7.0,52.2,44.9,346,1.8,0.0,0.2,2.0 
Ezekiel Elliott Dal,RB,Sun 3:25 pm vs NYG,FA,16.0,7,205.56,100%,36,,0.0,0.0,0.0,247,1036,7.8,57.7,45.9,386,2.6,0.0,0.3,2.0 
Jamaal Charles KC,RB,Sun 12:00 pm vs SD,Björk'sPlatnumAlbum,16.0,5,205.26,100%,37,,0.0,0.0,0.0,227,1126,7.5,58.3,44.4,346,2.0,0.0,0.3,1.9 
Devonta Freeman Atl,RB,Sun 12:00 pm vs TB,Le'Veon a Prayer,16.0,11,205.25,100%,38,,0.0,0.0,0.0,226,909,6.2,91.4,71.2,587,2.9,0.0,0.2,2.3 
Shaun Hill Min,QB,Sun 12:00 pm @ Ten,FA,16.0,6,201.68,1%,98,,3253,17.1,10.1,17.7,71.5,0.6,0.0,0.0,0.0,0.0,0.0,0.5,3.7 
LeSean McCoy Buf,RB,Sun 12:00 pm @ Bal,Chaz's Crazy Team,16.0,10,200.31,99%,39,,0.0,0.0,0.0,258,1057,8.1,56.3,39.2,324,2.0,0.0,0.3,2.0 
Mark Ingram NO,RB,Sun 12:00 pm vs Oak,FA,16.0,5,197.06,100%,40,,0.0,0.0,0.0,238,976,7.3,54.0,46.2,414,2.2,0.0,0.3,2.2 
DeAndre Hopkins Hou,WR,Sun 12:00 pm vs Chi,All A'Bortles,16.0,9,192.62,100%,41,,0.0,0.0,0.0,0.0,0.0,0.0,167,99.7,1392,8.8,0.0,0.2,0.6 
Doug Martin TB,RB,Sun 12:00 pm @ Atl,A Little Willly Pete,16.0,6,190.41,100%,42,,0.0,0.0,0.0,271,1159,7.0,35.1,27.7,243,1.2,0.0,0.2,2.1 
A.J. Green Cin,WR,Sun 12:00 pm @ NYJ,A Little Willly Pete,16.0,9,185.60,100%,43,,0.0,0.0,0.0,0.0,0.0,0.0,131,90.7,1357,8.2,0.0,0.2,0.6 
Eddie Lacy GB,RB,Sun 12:00 pm @ Jax,A Little Willly Pete,16.0,4,184.58,100%,44,,0.0,0.0,0.0,240,1053,7.6,36.9,29.0,240,1.4,0.0,0.2,1.7 
Dez Bryant Dal,WR,Sun 3:25 pm vs NYG,Le'Veon a Prayer,16.0,7,184.36,100%,45,,0.0,0.0,0.0,0.0,0.0,0.0,145,89.6,1287,9.2,0.0,0.2,0.6 
Alshon Jeffery Chi,WR,Sun 12:00 pm @ Hou,SlobOnMyCobb,16.0,9,182.68,100%,46,,0.0,0.0,0.0,0.0,0.0,0.0,151,89.6,1352,7.8,0.0,0.2,0.6 
Brandon Marshall NYJ,WR,Sun 12:00 pm vs Cin,Mariota Kart,16.0,11,181.91,100%,47,,0.0,0.0,0.0,0.0,0.0,0.0,148,94.7,1299,8.6,0.0,0.2,0.6 
Case Keenum LA,QB,Mon 9:20 pm @ SF,FA,16.0,8,177.34,1%,48,,2970,13.3,12.5,31.6,93.6,1.1,0.0,0.0,0.0,0.0,0.0,0.4,3.6 
Allen Robinson Jax,WR,Sun 12:00 pm vs GB,A Little Willly Pete,16.0,5,176.51,100%,49,,0.0,0.0,0.0,0.0,0.0,0.0,138,77.5,1249,8.5,0.0,0.2,0.5 
Carlos Hyde SF,RB,Mon 9:20 pm vs LA,ChrisCartersFallGuys,16.0,8,174.69,98%,50,,0.0,0.0,0.0,263,1049,6.8,40.7,31.2,208,1.1,0.0,0.2,2.1 
Le'Veon Bell Pit,RB,Mon 6:10 pm @ Was,Angry Handies,13.0,8,174.33,100%,51,,0.0,0.0,0.0,205,905,5.1,51.2,47.9,427,1.6,0.0,0.2,1.5 
Mike Evans TB,WR,Sun 12:00 pm @ Atl,ChrisCartersFallGuys,16.0,6,172.60,100%,52,,0.0,0.0,0.0,0.0,0.0,0.0,156,79.0,1197,8.7,0.0,0.2,0.6 
Rob Gronkowski NE,TE,Sun 7:30 pm @ Ari,Chaz's Crazy Team,16.0,9,171.95,100%,53,,0.0,0.0,0.0,0.0,0.0,0.0,127,80.1,1171,9.0,0.0,0.2,0.5 
C.J. Anderson Den,RB,Thu 7:30 pm vs Car,A Little Willly Pete,16.0,11,171.68,99%,54,,0.0,0.0,0.0,248,1052,7.1,36.6,28.8,184,0.8,0.0,0.2,1.9 
Sammy Watkins Buf,WR,Sun 12:00 pm @ Bal,Björk'sPlatnumAlbum,16.0,10,168.81,99%,57,,0.0,0.0,0.0,0.0,0.0,0.0,120,77.9,1284,6.6,0.0,0.2,0.5 
Matt Forte NYJ,RB,Sun 12:00 pm vs Cin,All A'Bortles,16.0,11,168.61,98%,55,,0.0,0.0,0.0,220,890,6.4,49.2,37.5,302,1.7,0.0,0.2,1.6 
Jordy Nelson GB,WR,Sun 12:00 pm @ Jax,TexasSucks,16.0,4,167.52,100%,56,,0.0,0.0,0.0,0.0,0.0,0.0,122,81.6,1208,7.7,0.0,0.2,0.5 
Jonathan Stewart Car,RB,Thu 7:30 pm @ Den,SlobOnMyCobb,16.0,7,165.28,97%,58,,0.0,0.0,0.0,255,1037,6.9,23.7,20.5,145,0.8,0.0,0.2,2.0 
Jarvis Landry Mia,WR,Sun 3:05 pm @ Sea,A Little Willly Pete,16.0,8,165.21,98%,59,,0.0,0.0,0.0,19.6,96.9,0.5,139,96.4,1075,7.0,0.4,0.2,0.8 
Brandin Cooks NO,WR,Sun 12:00 pm vs Oak,Björk'sPlatnumAlbum,16.0,5,164.39,100%,60,,0.0,0.0,0.0,4.0,13.5,0.1,126,82.6,1161,7.6,0.1,0.2,0.7 
Keenan Allen SD,WR,Sun 12:00 pm @ KC,SlobOnMyCobb,16.0,11,159.25,100%,63,,0.0,0.0,0.0,0.0,0.0,0.0,131,99.6,1135,7.5,0.0,0.2,0.7 
Amari Cooper Oak,WR,Sun 12:00 pm @ NO,EanTop/WillisBottom,16.0,10,159.17,100%,62,,0.0,0.0,0.0,3.5,8.8,0.1,137,79.2,1091,8.0,0.0,0.2,0.6 
Trevor Siemian Den,QB,Thu 7:30 pm vs Car,FA,16.0,11,158.19,4%,64,,2723,13.9,15.4,16.6,42.1,0.5,0.0,0.0,0.0,0.0,0.0,0.4,3.5 
Dak Prescott Dal,QB,Sun 3:25 pm vs NYG,FA,16.0,7,158.05,53%,65,,1807,11.6,5.4,51.5,288,2.5,0.0,0.0,0.0,0.0,0.0,0.4,1.8 
Latavius Murray Oak,RB,Sun 12:00 pm @ NO,T.M.N. Bortles,16.0,10,157.81,98%,66,,0.0,0.0,0.0,228,913,5.3,41.5,34.0,239,1.6,0.0,0.2,1.8 
Ryan Mathews Phi,RB,Sun 12:00 pm vs Cle,ChrisCartersFallGuys,16.0,4,157.24,95%,67,,0.0,0.0,0.0,219,959,6.0,32.8,24.2,188,1.0,0.0,0.2,1.5 
Thomas Rawls Sea,RB,Sun 3:05 pm vs Mia,TexasSucks,16.0,5,155.89,98%,68,,0.0,0.0,0.0,217,980,6.1,26.6,21.2,145,1.0,0.0,0.2,1.7 
T.Y. Hilton Ind,WR,Sun 3:25 pm vs Det,Mariota Kart,16.0,10,155.35,99%,70,,0.0,0.0,0.0,3.5,22.4,0.1,128,71.2,1042,8.0,0.0,0.2,0.5 
Eric Decker NYJ,WR,Sun 12:00 pm vs Cin,Angry Handies,16.0,11,155.01,98%,72,,0.0,0.0,0.0,0.0,0.0,0.0,130,81.2,1072,7.5,0.4,0.2,0.5 
Randall Cobb GB,WR,Sun 12:00 pm @ Jax,EanTop/WillisBottom,16.0,4,154.16,99%,74,,0.0,0.0,0.0,11.6,47.2,0.3,122,77.3,1003,7.7,0.0,0.2,0.6 
Tony Romo Dal,QB,Sun 3:25 pm vs NYG,Le'Veon a Prayer,9.0,7,152.70,36%,75,,2188,16.2,6.2,12.1,36.6,0.2,0.0,0.0,0.0,0.0,0.0,0.4,2.4 
Golden Tate Det,WR,Sun 3:25 pm @ Ind,ChrisCartersFallGuys,16.0,10,152.43,98%,77,,0.0,0.0,0.0,7.4,37.6,0.2,118,87.5,1037,6.9,0.4,0.2,0.6 
LeGarrette Blount NE,RB,Sun 7:30 pm @ Ari,FA,16.0,9,152.36,76%,76,,0.0,0.0,0.0,249,1000,6.9,12.1,11.8,78.2,0.4,0.0,0.2,1.6 
Melvin Gordon SD,RB,Sun 12:00 pm @ KC,EanTop/WillisBottom,16.0,11,151.65,94%,79,,0.0,0.0,0.0,238,919,5.0,34.1,28.8,217,1.2,0.0,0.2,1.9 
Julian Edelman NE,WR,Sun 7:30 pm @ Ari,Le'Veon a Prayer,16.0,9,150.74,98%,80,,0.0,0.0,0.0,4.0,19.9,0.1,133,93.9,1023,7.5,0.0,0.2,0.6 
Rashad Jennings NYG,RB,Sun 3:25 pm @ Dal,FA,16.0,8,148.71,86%,82,,0.0,0.0,0.0,188,818,5.6,34.8,30.8,251,1.3,0.0,0.2,1.4 
Jeremy Maclin KC,WR,Sun 12:00 pm vs SD,TexasSucks,16.0,5,148.25,98%,84,,0.0,0.0,0.0,4.1,17.2,0.1,117,83.0,1111,5.7,0.0,0.1,0.6 
Matt Jones Was,RB,Mon 6:10 pm vs Pit,Le'Veon a Prayer,16.0,9,147.81,92%,83,,0.0,0.0,0.0,221,880,5.2,33.3,27.0,212,1.1,0.0,0.2,1.6 
Jeremy Langford Chi,RB,Sun 12:00 pm @ Hou,All A'Bortles,16.0,9,147.47,93%,85,,0.0,0.0,0.0,189,761,5.7,50.4,28.1,260,1.7,0.0,0.2,1.4 
Larry Fitzgerald Ari,WR,Sun 7:30 pm vs NE,SlobOnMyCobb,16.0,9,146.64,97%,86,,0.0,0.0,0.0,0.0,0.0,0.0,114,87.5,1015,7.4,0.0,0.2,0.6 
John Brown Ari,WR,Sun 7:30 pm vs NE,TexasSucks,16.0,9,145.59,93%,87,,0.0,0.0,0.0,4.3,21.4,0.1,103,67.0,1021,6.7,0.0,0.2,0.5 
Donte Moncrief Ind,WR,Sun 3:25 pm vs Det,All A'Bortles,16.0,10,145.46,97%,88,,0.0,0.0,0.0,0.0,0.0,0.0,117,74.7,1013,7.3,0.0,0.2,0.5 
Jordan Reed Was,TE,Mon 6:10 pm vs Pit,Angry Handies,16.0,9,144.89,100%,89,,0.0,0.0,0.0,0.0,0.0,0.0,117,89.9,994,7.5,0.0,0.2,0.6 
DeMarco Murray Ten,RB,Sun 12:00 pm vs Min,EanTop/WillisBottom,16.0,13,141.69,98%,92,,0.0,0.0,0.0,195,778,5.8,33.8,27.5,220,1.1,0.0,0.2,1.4 
Kelvin Benjamin Car,WR,Thu 7:30 pm @ Den,TexasSucks,16.0,7,141.34,97%,93,,0.0,0.0,0.0,0.0,0.0,0.0,114,68.6,968,7.3,0.0,0.2,0.5 
Giovani Bernard Cin,RB,Sun 12:00 pm @ NYJ,All A'Bortles,16.0,9,140.78,90%,94,,0.0,0.0,0.0,144,608,3.7,62.8,46.9,409,2.7,0.0,0.2,1.3 
Frank Gore Ind,RB,Sun 3:25 pm vs Det,T.M.N. Bortles,16.0,10,140.70,93%,95,,0.0,0.0,0.0,216,838,4.5,38.8,25.4,199,1.5,0.0,0.2,1.5 
Duke Johnson Jr. Cle,RB,Sun 12:00 pm @ Phi,Le'Veon a Prayer,16.0,13,137.98,86%,100,,0.0,0.0,0.0,142,557,3.8,64.1,54.4,446,2.3,0.0,0.2,1.2 
Jeremy Hill Cin,RB,Sun 12:00 pm @ NYJ,EanTop/WillisBottom,16.0,9,137.43,96%,101,,0.0,0.0,0.0,226,876,5.8,19.3,15.1,108,0.6,0.0,0.2,1.6 
Greg Olsen Car,TE,Thu 7:30 pm @ Den,EanTop/WillisBottom,16.0,7,136.91,100%,103,,0.0,0.0,0.0,0.0,0.0,0.0,104,68.4,948,6.9,0.0,0.2,0.5 
Jordan Matthews Phi,WR,Sun 12:00 pm vs Cle,All A'Bortles,16.0,4,136.50,95%,106,,0.0,0.0,0.0,0.0,0.0,0.0,115,81.0,985,6.3,0.0,0.2,0.5 
Arian Foster Mia,RB,Sun 3:05 pm @ Sea,FA,16.0,8,135.10,94%,113,,0.0,0.0,0.0,168,648,4.5,48.1,38.2,332,1.6,0.0,0.2,1.4 
Doug Baldwin Sea,WR,Sun 3:05 pm vs Mia,ChrisCartersFallGuys,16.0,5,134.38,99%,116,,0.0,0.0,0.0,0.0,0.0,0.0,93.0,71.5,956,6.3,0.1,0.2,0.5 
Michael Crabtree Oak,WR,Sun 12:00 pm @ NO,A Little Willly Pete,16.0,10,133.86,92%,117,,0.0,0.0,0.0,0.0,0.0,0.0,125,73.7,894,7.3,0.0,0.2,0.5 
Danny Woodhead SD,RB,Sun 12:00 pm @ KC,T.M.N. Bortles,16.0,11,133.24,79%,118,,0.0,0.0,0.0,104,399,2.2,79.5,64.7,599,3.2,0.1,0.1,1.2 
Michael Floyd Ari,WR,Sun 7:30 pm vs NE,Mariota Kart,16.0,9,133.15,96%,119,,0.0,0.0,0.0,0.0,0.0,0.0,98.1,57.6,946,6.3,0.0,0.2,0.4 
Ameer Abdullah Det,RB,Sun 3:25 pm @ Ind,All A'Bortles,16.0,10,131.88,76%,121,,0.0,0.0,0.0,163,693,4.2,44.6,31.9,254,1.7,0.2,0.2,1.2 
Coby Fleener NO,TE,Sun 12:00 pm vs Oak,FA,16.0,5,130.67,98%,123,,0.0,0.0,0.0,0.0,0.0,0.0,114,74.7,880,7.0,0.0,0.2,0.6 
Demaryius Thomas Den,WR,Thu 7:30 pm vs Car,Le'Veon a Prayer,16.0,11,129.30,100%,125,,0.0,0.0,0.0,0.0,0.0,0.0,141,86.2,979,5.2,0.0,0.1,0.6 
Sterling Shepard NYG,WR,Sun 3:25 pm @ Dal,FA,16.0,8,129.30,87%,126,,0.0,0.0,0.0,0.0,0.0,0.0,110,67.0,898,6.5,0.0,0.2,0.4 
T.J. Yeldon Jax,RB,Sun 12:00 pm vs GB,ChrisCartersFallGuys,16.0,5,128.03,64%,129,,0.0,0.0,0.0,150,614,4.2,46.1,37.8,298,1.8,0.0,0.2,1.1 
Allen Hurns Jax,WR,Sun 12:00 pm vs GB,ChrisCartersFallGuys,16.0,5,125.49,94%,133,,0.0,0.0,0.0,0.0,0.0,0.0,97.3,62.2,900,5.9,0.0,0.1,0.4 
Tyler Lockett Sea,WR,Sun 3:05 pm vs Mia,Le'Veon a Prayer,16.0,5,124.94,94%,134,,0.0,0.0,0.0,0.0,0.0,0.0,88.6,65.8,853,6.0,0.5,0.1,0.5 
Marvin Jones Jr. Det,WR,Sun 3:25 pm @ Ind,T.M.N. Bortles,16.0,10,124.14,92%,140,,0.0,0.0,0.0,3.7,18.5,0.1,95.4,66.8,885,5.5,0.0,0.1,0.4 
Vincent Jackson TB,WR,Sun 12:00 pm @ Atl,Angry Handies,16.0,6,123.77,75%,142,,0.0,0.0,0.0,0.0,0.0,0.0,106,60.8,887,5.8,0.0,0.1,0.4 
Justin Forsett Bal,RB,Sun 12:00 pm vs Buf,FA,16.0,8,121.33,67%,147,,0.0,0.0,0.0,166,687,4.3,34.7,30.0,194,1.1,0.0,0.1,1.3 
Chris Ivory Jax,RB,Sun 12:00 pm vs GB,Mariota Kart,16.0,5,121.07,89%,148,,0.0,0.0,0.0,176,736,4.9,20.5,17.7,137,0.6,0.0,0.1,1.2 
Torrey Smith SF,WR,Mon 9:20 pm vs LA,FA,16.0,8,118.71,63%,152,,0.0,0.0,0.0,0.0,0.0,0.0,96.6,56.1,931,4.2,0.0,0.1,0.4 
Willie Snead NO,WR,Sun 12:00 pm vs Oak,EanTop/WillisBottom,16.0,5,118.31,79%,154,,0.0,0.0,0.0,0.0,0.0,0.0,95.9,68.4,889,4.8,0.0,0.1,0.5 
Delanie Walker Ten,TE,Sun 12:00 pm vs Min,Mariota Kart,16.0,13,117.89,99%,155,,0.0,0.0,0.0,0.0,0.0,0.0,96.5,68.7,867,5.1,0.0,0.1,0.4 
Isaiah Crowell Cle,RB,Sun 12:00 pm @ Phi,Mariota Kart,16.0,13,117.15,58%,156,,0.0,0.0,0.0,188,747,5.1,14.8,13.0,94.5,0.3,0.0,0.1,1.2 
DeVante Parker Mia,WR,Sun 3:05 pm @ Sea,FA,16.0,8,116.42,89%,159,,0.0,0.0,0.0,0.0,0.0,0.0,96.1,55.9,878,4.7,0.0,0.1,0.4 
Rishard Matthews Ten,WR,Sun 12:00 pm vs Min,T.M.N. Bortles,16.0,13,116.11,43%,163,,0.0,0.0,0.0,0.0,0.0,0.0,91.7,65.8,878,4.7,0.0,0.1,0.4 
Charles Sims TB,RB,Sun 12:00 pm @ Atl,Angry Handies,16.0,6,116.02,50%,162,,0.0,0.0,0.0,82.5,357,2.1,60.2,47.2,536,2.3,0.0,0.1,0.9 
DeAngelo Williams Pit,RB,Mon 6:10 pm @ Was,Chaz's Crazy Team,16.0,8,115.15,92%,165,,0.0,0.0,0.0,128,547,5.9,26.1,21.6,172,1.2,0.0,0.2,1.0 
Travis Kelce KC,TE,Sun 12:00 pm vs SD,Le'Veon a Prayer,16.0,5,114.87,99%,168,,0.0,0.0,0.0,0.0,0.0,0.0,98.7,70.4,846,5.0,0.0,0.1,0.5 
DeSean Jackson Was,WR,Mon 6:10 pm vs Pit,T.M.N. Bortles,16.0,9,114.71,93%,169,,0.0,0.0,0.0,0.0,0.0,0.0,83.2,56.1,879,4.4,0.0,0.1,0.4 
Tavon Austin LA,WR,Mon 9:20 pm @ SF,All A'Bortles,16.0,8,113.47,87%,173,,0.0,0.0,0.0,35.8,189,1.0,87.3,55.2,665,3.1,0.4,0.1,0.6 
Travis Benjamin SD,WR,Sun 12:00 pm @ KC,EanTop/WillisBottom,16.0,11,112.71,77%,174,,0.0,0.0,0.0,0.0,0.0,0.0,96.5,55.9,797,5.4,0.0,0.1,0.4 
Corey Coleman Cle,WR,Sun 12:00 pm @ Phi,FA,16.0,13,111.60,71%,175,,0.0,0.0,0.0,4.2,27.2,0.1,92.6,56.0,745,5.6,0.0,0.1,0.4 
Emmanuel Sanders Den,WR,Thu 7:30 pm vs Car,All A'Bortles,16.0,11,111.00,95%,177,,0.0,0.0,0.0,4.1,23.6,0.1,120,68.8,807,4.1,0.4,0.1,0.5 
Gary Barnidge Cle,TE,Sun 12:00 pm @ Phi,T.M.N. Bortles,16.0,13,110.79,95%,178,,0.0,0.0,0.0,0.0,0.0,0.0,98.6,64.3,788,5.3,0.0,0.1,0.4 
Steve Smith Sr. Bal,WR,Sun 12:00 pm vs Buf,FA,16.0,8,110.76,50%,179,,0.0,0.0,0.0,0.0,0.0,0.0,90.5,58.5,836,4.5,0.0,0.1,0.4 
Zach Ertz Phi,TE,Sun 12:00 pm vs Cle,FA,16.0,4,110.26,96%,180,,0.0,0.0,0.0,0.0,0.0,0.0,98.5,69.4,798,5.0,0.0,0.1,0.4 
Michael Thomas NO,WR,Sun 12:00 pm vs Oak,FA,16.0,5,109.64,45%,181,,0.0,0.0,0.0,0.0,0.0,0.0,89.9,54.5,729,6.0,0.0,0.1,0.4 
Theo Riddick Det,RB,Sun 3:25 pm @ Ind,FA,16.0,10,107.74,34%,183,,0.0,0.0,0.0,55.4,218,1.4,78.0,65.9,577,3.2,0.0,0.1,0.8 
Kevin White Chi,WR,Sun 12:00 pm @ Hou,FA,16.0,9,107.50,81%,184,,0.0,0.0,0.0,0.0,0.0,0.0,95.7,59.2,783,4.8,0.0,0.1,0.4 
Phillip Dorsett Ind,WR,Sun 3:25 pm vs Det,FA,16.0,10,106.15,37%,186,,0.0,0.0,0.0,3.5,15.5,0.1,94.3,47.9,689,5.8,0.0,0.1,0.3 
Josh Gordon Cle,WR,Sun 12:00 pm @ Phi,FA,12.0,13,105.91,91%,187,,0.0,0.0,0.0,0.0,0.0,0.0,92.4,55.9,845,3.5,0.0,0.1,0.3 
Julius Thomas Jax,TE,Sun 12:00 pm vs GB,Björk'sPlatnumAlbum,16.0,5,104.65,95%,190,,0.0,0.0,0.0,0.0,0.0,0.0,97.3,59.1,676,6.1,0.0,0.1,0.4 
Stefon Diggs Min,WR,Sun 12:00 pm @ Ten,Björk'sPlatnumAlbum,16.0,6,103.55,83%,185,,0.0,0.0,0.0,4.4,18.7,0.1,96.8,65.3,740,4.4,0.0,0.1,0.5 
Markus Wheaton Pit,WR,Mon 6:10 pm @ Was,Chaz's Crazy Team,16.0,8,103.51,66%,191,,0.0,0.0,0.0,3.9,25.9,0.1,86.0,49.2,696,4.8,0.3,0.1,0.3 
Antonio Gates SD,TE,Sun 12:00 pm @ KC,ChrisCartersFallGuys,16.0,11,103.32,94%,192,,0.0,0.0,0.0,0.0,0.0,0.0,85.1,62.3,729,5.0,0.0,0.1,0.4 
Mohamed Sanu Atl,WR,Sun 12:00 pm vs TB,FA,16.0,11,102.58,45%,193,,0.0,0.0,0.0,3.9,19.3,0.1,91.4,62.0,763,3.9,0.0,0.1,0.5 
Derrick Henry Ten,RB,Sun 12:00 pm vs Min,FA,16.0,13,101.07,77%,196,,0.0,0.0,0.0,160,629,4.7,14.5,11.4,74.6,0.3,0.0,0.1,1.1 
Jason Witten Dal,TE,Sun 3:25 pm vs NYG,Björk'sPlatnumAlbum,16.0,7,100.71,85%,197,,0.0,0.0,0.0,0.0,0.0,0.0,85.2,65.2,676,5.5,0.0,0.1,0.4 
Jimmy Graham Sea,TE,Sun 3:05 pm vs Mia,FA,16.0,5,100.62,84%,198,,0.0,0.0,0.0,0.0,0.0,0.0,79.7,55.1,662,5.7,0.0,0.1,0.4 
Dwayne Allen Ind,TE,Sun 3:25 pm vs Det,FA,16.0,10,100.01,80%,199,,0.0,0.0,0.0,0.0,0.0,0.0,88.8,54.8,655,5.7,0.0,0.1,0.4 
Martellus Bennett NE,TE,Sun 7:30 pm @ Ari,SlobOnMyCobb,16.0,9,99.63,88%,200,,0.0,0.0,0.0,0.0,0.0,0.0,86.9,59.6,660,5.5,0.0,0.1,0.4 
Will Fuller Hou,WR,Sun 12:00 pm vs Chi,FA,16.0,9,99.42,38%,201,,0.0,0.0,0.0,4.1,26.9,0.1,78.3,48.2,724,3.9,0.0,0.1,0.3 
Shane Vereen NYG,RB,Sun 3:25 pm @ Dal,FA,16.0,8,98.11,16%,203,,0.0,0.0,0.0,58.9,253,1.7,63.7,49.9,463,2.6,0.0,0.1,0.7 
Laquon Treadwell Min,WR,Sun 12:00 pm @ Ten,FA,16.0,6,97.94,34%,194,,0.0,0.0,0.0,0.0,0.0,0.0,96.8,59.6,712,4.4,0.0,0.1,0.4 
Bilal Powell NYJ,RB,Sun 12:00 pm vs Cin,FA,16.0,11,97.55,43%,204,,0.0,0.0,0.0,90.4,375,2.6,49.2,37.6,336,1.7,0.0,0.1,0.8 
Devin Funchess Car,WR,Thu 7:30 pm @ Den,FA,16.0,7,95.48,59%,205,,0.0,0.0,0.0,0.0,0.0,0.0,85.2,42.9,628,5.4,0.0,0.1,0.3 
Darren Sproles Phi,RB,Sun 12:00 pm vs Cle,TexasSucks,16.0,4,94.95,43%,206,,0.0,0.0,0.0,59.8,239,1.6,71.2,53.2,441,2.5,0.3,0.1,0.7 
Charles Clay Buf,TE,Sun 12:00 pm @ Bal,Mariota Kart,16.0,10,94.77,25%,207,,0.0,0.0,0.0,0.0,0.0,0.0,82.2,54.9,673,4.5,0.0,0.1,0.4 
Pierre Garcon Was,WR,Mon 6:10 pm vs Pit,Chaz's Crazy Team,16.0,9,93.90,22%,208,,0.0,0.0,0.0,0.0,0.0,0.0,83.2,54.9,671,4.4,0.0,0.1,0.4 
Jordan Howard Chi,RB,Sun 12:00 pm @ Hou,FA,16.0,9,93.00,11%,211,,0.0,0.0,0.0,144,605,4.3,10.1,8.0,54.2,0.1,0.0,0.1,1.0 
Tyler Boyd Cin,WR,Sun 12:00 pm @ NYJ,FA,16.0,9,92.37,18%,212,,0.0,0.0,0.0,4.1,26.7,0.1,77.3,47.4,608,4.7,0.0,0.1,0.3 
Zach Miller Chi,TE,Sun 12:00 pm @ Hou,SlobOnMyCobb,16.0,9,92.36,55%,213,,0.0,0.0,0.0,0.0,0.0,0.0,75.5,60.8,683,4.0,0.0,0.1,0.4 
Jordan Cameron Mia,TE,Sun 3:05 pm @ Sea,FA,16.0,8,91.54,24%,214,,0.0,0.0,0.0,0.0,0.0,0.0,90.2,48.7,620,4.9,0.0,0.1,0.3 
Jerick McKinnon Min,RB,Sun 12:00 pm @ Ten,FA,16.0,6,91.38,23%,215,,0.0,0.0,0.0,97.1,436,3.2,35.2,30.4,221,1.0,0.0,0.1,0.9 
Terrance Williams Dal,WR,Sun 3:25 pm vs NYG,Chaz's Crazy Team,16.0,7,91.22,17%,216,,0.0,0.0,0.0,0.0,0.0,0.0,70.2,40.4,659,4.2,0.0,0.1,0.3 
Eric Ebron Det,TE,Sun 3:25 pm @ Ind,ChrisCartersFallGuys,16.0,10,90.97,56%,217,,0.0,0.0,0.0,0.0,0.0,0.0,78.0,56.4,628,4.6,0.0,0.1,0.4 
Jay Ajayi Mia,RB,Sun 3:05 pm @ Sea,FA,16.0,8,89.58,53%,219,,0.0,0.0,0.0,137,530,3.6,21.4,13.3,111,0.5,0.0,0.1,1.0 
James White NE,RB,Sun 7:30 pm @ Ari,Le'Veon a Prayer,16.0,9,89.08,38%,221,,0.0,0.0,0.0,39.9,170,1.1,48.3,40.2,409,4.1,0.0,0.1,0.5 
Tajae Sharpe Ten,WR,Sun 12:00 pm vs Min,FA,16.0,13,89.07,33%,220,,0.0,0.0,0.0,0.0,0.0,0.0,82.0,49.9,640,4.1,0.0,0.1,0.3 
Kenny Stills Mia,WR,Sun 3:05 pm @ Sea,FA,16.0,8,86.36,13%,222,,0.0,0.0,0.0,0.0,0.0,0.0,80.1,48.3,629,3.9,0.0,0.1,0.3 
Jamison Crowder Was,WR,Mon 6:10 pm vs Pit,FA,16.0,9,85.04,3%,224,,0.0,0.0,0.0,0.0,0.0,0.0,66.6,52.2,620,3.4,0.3,0.1,0.3 
Jimmy Garoppolo NE,QB,Sun 7:30 pm @ Ari,FA,16.0,9,84.86,5%,225,,1129,8.2,3.1,13.3,33.9,1.0,0.0,0.0,0.0,0.0,0.0,0.2,1.1 
Kamar Aiken Bal,WR,Sun 12:00 pm vs Buf,ChrisCartersFallGuys,16.0,8,84.38,61%,226,,0.0,0.0,0.0,0.0,0.0,0.0,79.2,48.4,610,3.9,0.0,0.1,0.3 
Tevin Coleman Atl,RB,Sun 12:00 pm vs TB,FA,16.0,11,83.39,44%,227,,0.0,0.0,0.0,109,455,3.0,28.6,22.5,152,0.7,0.0,0.1,1.0 
Tyler Eifert Cin,TE,Sun 12:00 pm @ NYJ,Angry Handies,12.0,9,82.59,87%,228,,0.0,0.0,0.0,0.0,0.0,0.0,65.2,51.0,623,3.3,0.0,0.1,0.3 
James Starks GB,RB,Sun 12:00 pm @ Jax,SlobOnMyCobb,16.0,4,82.48,26%,229,,0.0,0.0,0.0,104,432,3.3,21.1,17.8,151,0.7,0.0,0.1,0.8 
Jared Cook GB,TE,Sun 12:00 pm @ Jax,FA,16.0,4,82.00,63%,230,,0.0,0.0,0.0,0.0,0.0,0.0,73.9,41.5,530,4.8,0.0,0.1,0.3 
Robert Woods Buf,WR,Sun 12:00 pm @ Bal,FA,16.0,10,81.68,3%,232,,0.0,0.0,0.0,0.0,0.0,0.0,71.3,41.8,567,3.8,0.4,0.1,0.3 
Tyrell Williams SD,WR,Sun 12:00 pm @ KC,FA,16.0,11,81.50,1%,231,,0.0,0.0,0.0,0.0,0.0,0.0,62.4,37.8,610,3.4,0.0,0.1,0.3 
Clive Walford Oak,TE,Sun 12:00 pm @ NO,FA,16.0,10,80.12,12%,233,,0.0,0.0,0.0,0.0,0.0,0.0,79.9,45.2,512,4.8,0.0,0.1,0.3 
Nelson Agholor Phi,WR,Sun 12:00 pm vs Cle,FA,16.0,4,77.86,7%,235,,0.0,0.0,0.0,0.0,0.0,0.0,82.1,44.3,539,3.9,0.0,0.1,0.3 
Breshad Perriman Bal,WR,Sun 12:00 pm vs Buf,FA,16.0,8,77.07,4%,236,,0.0,0.0,0.0,0.0,0.0,0.0,73.5,44.5,555,3.6,0.0,0.1,0.3 
Davante Adams GB,WR,Sun 12:00 pm @ Jax,Chaz's Crazy Team,16.0,4,76.80,13%,237,,0.0,0.0,0.0,0.0,0.0,0.0,68.7,42.2,517,4.1,0.0,0.1,0.3 
Josh Doctson Was,WR,Mon 6:10 pm vs Pit,FA,16.0,9,76.28,12%,238,,0.0,0.0,0.0,0.0,0.0,0.0,72.1,44.0,534,3.8,0.0,0.1,0.3 
Devontae Booker Den,RB,Thu 7:30 pm vs Car,FA,16.0,11,75.74,17%,239,,0.0,0.0,0.0,104,398,2.9,31.4,24.6,141,0.6,0.0,0.1,0.9 
Mike Wallace Bal,WR,Sun 12:00 pm vs Buf,FA,16.0,8,74.84,34%,241,,0.0,0.0,0.0,0.0,0.0,0.0,73.5,41.7,532,3.6,0.0,0.1,0.3 
Quinton Patton SF,WR,Mon 9:20 pm vs LA,FA,16.0,8,74.60,1%,242,,0.0,0.0,0.0,0.0,0.0,0.0,76.3,42.6,548,3.3,0.0,0.1,0.3 
Anquan Boldin Det,WR,Sun 3:25 pm @ Ind,FA,16.0,10,73.56,26%,243,,0.0,0.0,0.0,0.0,0.0,0.0,61.7,40.0,530,3.4,0.0,0.1,0.3 
Kenny Britt LA,WR,Mon 9:20 pm @ SF,FA,16.0,8,73.22,3%,244,,0.0,0.0,0.0,0.0,0.0,0.0,82.7,42.3,552,3.0,0.0,0.1,0.3 
Terrance West Bal,RB,Sun 12:00 pm vs Buf,FA,16.0,8,72.86,9%,245,,0.0,0.0,0.0,116,463,3.0,11.6,11.2,70.2,0.1,0.0,0.1,0.8 
Ted Ginn Jr. Car,WR,Thu 7:30 pm @ Den,Le'Veon a Prayer,16.0,7,72.71,38%,246,,0.0,0.0,0.0,0.0,0.0,0.0,56.8,34.3,497,3.4,0.4,0.1,0.3 
Chris Hogan NE,WR,Sun 7:30 pm @ Ari,FA,16.0,9,72.51,24%,247,,0.0,0.0,0.0,0.0,0.0,0.0,63.7,39.0,498,3.7,0.0,0.1,0.2 
Kyle Rudolph Min,TE,Sun 12:00 pm @ Ten,Chaz's Crazy Team,16.0,6,72.22,20%,240,,0.0,0.0,0.0,0.0,0.0,0.0,70.4,53.5,520,3.3,0.0,0.1,0.4 
Zach Zenner Det,RB,Sun 3:25 pm @ Ind,FA,16.0,10,71.96,1%,248,,0.0,0.0,0.0,103,420,2.7,16.7,16.5,112,0.4,0.0,0.1,0.8 
C.J. Spiller NO,RB,Sun 12:00 pm vs Oak,Chaz's Crazy Team,16.0,5,71.68,12%,249,,0.0,0.0,0.0,47.5,174,1.4,48.0,39.8,303,1.9,0.6,0.1,0.7 
Kendall Wright Ten,WR,Sun 12:00 pm vs Min,FA,16.0,13,69.88,6%,250,,0.0,0.0,0.0,4.3,17.0,0.1,62.7,37.9,490,3.1,0.0,0.1,0.3 
Jermaine Kearse Sea,WR,Sun 3:05 pm vs Mia,FA,16.0,5,69.58,5%,251,,0.0,0.0,0.0,0.0,0.0,0.0,53.1,38.5,490,3.4,0.0,0.1,0.3 
Paul Perkins NYG,RB,Sun 3:25 pm @ Dal,FA,16.0,8,69.33,9%,252,,0.0,0.0,0.0,98.1,395,2.9,17.4,13.7,93.6,0.4,0.0,0.1,0.7 
Jesse James Pit,TE,Mon 6:10 pm @ Was,FA,16.0,8,68.13,6%,280,,0.0,0.0,0.0,0.0,0.0,0.0,53.8,42.1,391,4.8,0.0,0.1,0.3 
Cole Beasley Dal,WR,Sun 3:25 pm vs NYG,FA,16.0,7,67.23,3%,253,,0.0,0.0,0.0,0.0,0.0,0.0,60.2,43.8,455,3.5,0.1,0.1,0.3 
Justin Hardy Atl,WR,Sun 12:00 pm vs TB,FA,16.0,11,67.23,1%,254,,0.0,0.0,0.0,0.0,0.0,0.0,68.5,41.9,499,2.8,0.0,0.1,0.3 
Vance McDonald SF,TE,Mon 9:20 pm vs LA,FA,16.0,8,66.91,25%,255,,0.0,0.0,0.0,0.0,0.0,0.0,66.1,42.4,488,3.0,0.0,0.1,0.3 
Brandon LaFell Cin,WR,Sun 12:00 pm @ NYJ,Björk'sPlatnumAlbum,16.0,9,66.83,5%,256,,0.0,0.0,0.0,0.0,0.0,0.0,62.8,33.9,444,3.7,0.0,0.1,0.2 
Austin Seferian-Jenkins TB,TE,Sun 12:00 pm @ Atl,A Little Willly Pete,16.0,6,66.73,14%,257,,0.0,0.0,0.0,0.0,0.0,0.0,60.2,33.0,464,3.4,0.0,0.1,0.2 
Victor Cruz NYG,WR,Sun 3:25 pm @ Dal,FA,16.0,8,66.70,17%,258,,0.0,0.0,0.0,0.0,0.0,0.0,57.9,35.2,473,3.2,0.0,0.1,0.2 
Jaelen Strong Hou,WR,Sun 12:00 pm vs Chi,FA,16.0,9,66.48,4%,260,,0.0,0.0,0.0,0.0,0.0,0.0,62.6,39.9,479,3.1,0.0,0.1,0.3 
Shaun Draughn SF,RB,Mon 9:20 pm vs LA,Angry Handies,16.0,8,66.33,4%,261,,0.0,0.0,0.0,64.7,247,1.7,40.7,30.7,244,1.1,0.0,0.1,0.7 
Chris Thompson Was,RB,Mon 6:10 pm vs Pit,FA,16.0,9,66.23,4%,259,,0.0,0.0,0.0,39.4,190,0.9,49.9,39.1,303,1.8,0.0,0.1,0.5 
Maxx Williams Bal,TE,Sun 12:00 pm vs Buf,FA,16.0,8,65.97,1%,262,,0.0,0.0,0.0,0.0,0.0,0.0,68.6,47.9,442,3.6,0.0,0.1,0.3 
Javorius Allen Bal,RB,Sun 12:00 pm vs Buf,Björk'sPlatnumAlbum,16.0,8,65.88,8%,263,,0.0,0.0,0.0,62.2,249,1.6,34.7,27.7,245,1.1,0.0,0.1,0.6 
Terrelle Pryor Cle,WR,Sun 12:00 pm @ Phi,FA,16.0,13,65.33,13%,264,,0.0,0.0,0.0,0.0,0.0,0.0,63.7,38.5,430,3.7,0.0,0.1,0.2 
Seth Roberts Oak,WR,Sun 12:00 pm @ NO,FA,16.0,10,62.48,3%,266,,0.0,0.0,0.0,0.0,0.0,0.0,57.0,35.3,437,3.1,0.0,0.1,0.2 
Sammie Coates Pit,WR,Mon 6:10 pm @ Was,FA,16.0,8,62.36,34%,265,,0.0,0.0,0.0,0.0,0.0,0.0,57.3,28.5,439,3.1,0.0,0.1,0.2 
Jace Amaro NYJ,TE,Sun 12:00 pm vs Cin,FA,16.0,11,60.30,1%,267,,0.0,0.0,0.0,0.0,0.0,0.0,60.1,40.4,406,3.2,0.0,0.1,0.3 
Reggie Bush Buf,RB,Sun 12:00 pm @ Bal,FA,16.0,10,60.22,3%,268,,0.0,0.0,0.0,77.5,297,2.4,21.6,17.0,122,0.6,0.0,0.1,0.6 
Dion Lewis NE,RB,Sun 7:30 pm @ Ari,FA,8.0,9,59.49,45%,269,,0.0,0.0,0.0,59.8,247,0.6,37.7,28.8,263,0.8,0.0,0.0,0.6 
Spencer Ware KC,RB,Sun 12:00 pm vs SD,T.M.N. Bortles,16.0,5,58.75,28%,270,,0.0,0.0,0.0,86.7,384,2.9,4.5,4.4,27.8,0.0,0.0,0.1,0.7 
Jacob Tamme Atl,TE,Sun 12:00 pm vs TB,FA,16.0,11,58.68,2%,271,,0.0,0.0,0.0,0.0,0.0,0.0,51.4,38.2,448,2.3,0.0,0.1,0.3 
Lance Kendricks LA,TE,Mon 9:20 pm @ SF,FA,16.0,8,58.57,1%,272,,0.0,0.0,0.0,0.0,0.0,0.0,59.7,40.8,449,2.2,0.0,0.1,0.3 
Will Tye NYG,TE,Sun 3:25 pm @ Dal,Angry Handies,16.0,8,58.38,2%,273,,0.0,0.0,0.0,0.0,0.0,0.0,52.2,37.8,392,3.2,0.0,0.1,0.2 
Pharoh Cooper LA,WR,Mon 9:20 pm @ SF,FA,16.0,8,57.52,1%,274,,0.0,0.0,0.0,4.5,29.0,0.1,55.1,33.4,425,1.9,0.0,0.0,0.3 
Chris Conley KC,WR,Sun 12:00 pm vs SD,FA,16.0,5,57.33,1%,275,,0.0,0.0,0.0,0.0,0.0,0.0,62.8,35.2,397,2.9,0.0,0.1,0.3 
Virgil Green Den,TE,Thu 7:30 pm vs Car,FA,16.0,11,55.36,17%,276,,0.0,0.0,0.0,0.0,0.0,0.0,62.8,52.4,420,2.2,0.0,0.1,0.4 
Christine Michael Sea,RB,Sun 3:05 pm vs Mia,FA,16.0,5,54.64,48%,277,,0.0,0.0,0.0,85.3,356,2.4,8.9,6.5,42.1,0.1,0.0,0.1,0.6 
Dorial Green-Beckham Phi,WR,Sun 12:00 pm vs Cle,SlobOnMyCobb,16.0,4,54.45,23%,278,,0.0,0.0,0.0,0.0,0.0,0.0,60.2,31.0,375,2.8,0.0,0.1,0.2 
Ryan Griffin Hou,TE,Sun 12:00 pm vs Chi,FA,16.0,9,54.16,0%,279,,0.0,0.0,0.0,0.0,0.0,0.0,57.4,34.0,358,3.0,0.0,0.1,0.2 
Tim Hightower NO,RB,Sun 12:00 pm vs Oak,All A'Bortles,16.0,5,54.03,5%,281,,0.0,0.0,0.0,71.3,278,2.2,12.0,10.8,117,0.2,0.0,0.1,0.6 
Benny Cunningham LA,RB,Mon 9:20 pm @ SF,FA,16.0,8,53.60,2%,282,,0.0,0.0,0.0,44.7,176,1.3,32.2,25.6,223,0.7,0.2,0.1,0.5 
Eli Rogers Pit,WR,Mon 6:10 pm @ Was,FA,16.0,8,53.13,3%,283,,0.0,0.0,0.0,0.0,0.0,0.0,45.9,27.8,388,2.4,0.0,0.1,0.2 
DeAndre Washington Oak,RB,Sun 12:00 pm @ NO,FA,16.0,10,52.67,24%,284,,0.0,0.0,0.0,63.0,242,1.5,23.7,18.7,148,0.8,0.0,0.1,0.6 
Crockett Gillmore Bal,TE,Sun 12:00 pm vs Buf,FA,16.0,8,52.50,3%,286,,0.0,0.0,0.0,0.0,0.0,0.0,45.7,33.6,381,2.4,0.0,0.1,0.2 
Ka'Deem Carey Chi,RB,Sun 12:00 pm @ Hou,FA,16.0,9,52.46,1%,285,,0.0,0.0,0.0,76.3,310,2.3,10.1,9.9,69.1,0.1,0.0,0.1,0.6 
Eddie Royal Chi,WR,Sun 12:00 pm @ Hou,Mariota Kart,16.0,9,52.38,1%,287,,0.0,0.0,0.0,0.0,0.0,0.0,45.3,34.1,395,2.1,0.0,0.1,0.2 
Albert Wilson KC,WR,Sun 12:00 pm vs SD,FA,16.0,5,51.00,0%,288,,0.0,0.0,0.0,0.0,0.0,0.0,49.4,31.0,376,2.2,0.0,0.1,0.2 
Alfred Morris Dal,RB,Sun 3:25 pm vs NYG,All A'Bortles,16.0,7,49.89,27%,289,,0.0,0.0,0.0,78.5,317,2.5,5.2,4.7,30.6,0.0,0.0,0.1,0.6 
Chris Johnson Ari,RB,Sun 7:30 pm vs NE,FA,16.0,9,48.99,15%,290,,0.0,0.0,0.0,81.4,330,2.3,5.2,2.6,17.2,0.0,0.0,0.1,0.6 
Rashad Greene Jax,WR,Sun 12:00 pm vs GB,FA,16.0,5,48.51,0%,291,,0.0,0.0,0.0,0.0,0.0,0.0,51.2,28.5,312,2.9,0.0,0.1,0.2 
Jeremy Kerley SF,WR,Mon 9:20 pm vs LA,FA,16.0,8,48.39,0%,308,,0.0,0.0,0.0,0.0,0.0,0.0,50.9,30.8,359,2.0,0.0,0.0,0.2 
Rob Kelley Was,RB,Mon 6:10 pm vs Pit,FA,16.0,9,47.68,2%,292,,0.0,0.0,0.0,82.8,330,1.9,5.6,4.4,27.1,0.0,0.0,0.1,0.6 
Mike Tolbert Car,RB,Thu 7:30 pm @ Den,FA,16.0,7,47.31,1%,293,,0.0,0.0,0.0,54.7,223,1.5,18.9,15.1,127,0.6,0.0,0.1,0.5 
Andre Ellington Ari,RB,Sun 7:30 pm vs NE,FA,16.0,9,45.71,4%,296,,0.0,0.0,0.0,51.4,223,1.5,15.5,13.4,121,0.4,0.0,0.1,0.4 
Jarius Wright Min,WR,Sun 12:00 pm @ Ten,FA,16.0,6,45.34,0%,294,,0.0,0.0,0.0,0.0,0.0,0.0,39.6,29.7,357,1.6,0.0,0.0,0.2 
Alfred Blue Hou,RB,Sun 12:00 pm vs Chi,EanTop/WillisBottom,16.0,9,44.71,2%,297,,0.0,0.0,0.0,74.3,294,1.9,5.2,4.8,34.6,0.0,0.0,0.1,0.5 
Josh McCown Cle,QB,Sun 12:00 pm @ Phi,FA,16.0,13,44.50,1%,298,,605,3.9,2.0,10.9,47.1,0.3,0.0,0.0,0.0,0.0,0.0,0.1,0.7 
Larry Donnell NYG,TE,Sun 3:25 pm @ Dal,FA,16.0,8,44.16,1%,299,,0.0,0.0,0.0,0.0,0.0,0.0,40.6,28.3,294,2.4,0.0,0.1,0.2 
J.J. Nelson Ari,WR,Sun 7:30 pm vs NE,FA,16.0,9,43.87,1%,300,,0.0,0.0,0.0,4.3,27.8,0.1,31.0,18.8,301,1.7,0.1,0.0,0.2 
Cameron Brate TB,TE,Sun 12:00 pm @ Atl,FA,16.0,6,43.83,2%,301,,0.0,0.0,0.0,0.0,0.0,0.0,35.1,26.4,321,1.9,0.0,0.0,0.2 
Josh Ferguson Ind,RB,Sun 3:25 pm vs Det,FA,16.0,10,43.41,2%,302,,0.0,0.0,0.0,59.2,236,1.2,16.6,13.3,96.6,0.4,0.0,0.0,0.5 
Tyler Kroft Cin,TE,Sun 12:00 pm @ NYJ,FA,16.0,9,42.00,0%,303,,0.0,0.0,0.0,0.0,0.0,0.0,24.2,20.0,220,3.3,0.0,0.1,0.1 
Paul Richardson Sea,WR,Sun 3:05 pm vs Mia,FA,16.0,5,41.83,0%,304,,0.0,0.0,0.0,0.0,0.0,0.0,26.6,25.8,332,1.4,0.0,0.0,0.2 
Brent Celek Phi,TE,Sun 12:00 pm vs Cle,FA,16.0,4,41.70,1%,305,,0.0,0.0,0.0,0.0,0.0,0.0,32.8,27.4,318,1.6,0.0,0.0,0.2 
Charcandrick West KC,RB,Sun 12:00 pm vs SD,Björk'sPlatnumAlbum,16.0,5,41.18,7%,306,,0.0,0.0,0.0,62.0,245,2.0,9.0,5.7,39.7,0.0,0.0,0.1,0.5 
C.J. Prosise Sea,RB,Sun 3:05 pm vs Mia,FA,16.0,5,40.75,9%,307,,0.0,0.0,0.0,31.0,119,0.8,31.0,24.3,159,1.3,0.0,0.1,0.4 
Colin Kaepernick SF,QB,Mon 9:20 pm vs LA,FA,16.0,8,37.64,2%,309,,356,1.9,1.3,24.7,120,0.8,0.0,0.0,0.0,0.0,0.0,0.1,0.6 
Hunter Henry SD,TE,Sun 12:00 pm @ KC,FA,16.0,11,37.08,2%,310,,0.0,0.0,0.0,0.0,0.0,0.0,34.1,23.0,251,2.0,0.0,0.0,0.2 
Adam Humphries TB,WR,Sun 12:00 pm @ Atl,FA,16.0,6,36.89,0%,323,,0.0,0.0,0.0,0.0,0.0,0.0,30.3,20.1,252,1.3,0.6,0.0,0.1 
Darren Fells Ari,TE,Sun 7:30 pm vs NE,FA,16.0,9,36.86,0%,311,,0.0,0.0,0.0,0.0,0.0,0.0,31.0,22.9,245,2.0,0.0,0.0,0.2 
Khiry Robinson NYJ,RB,Sun 12:00 pm vs Cin,FA,16.0,11,36.81,1%,312,,0.0,0.0,0.0,58.9,223,1.7,5.5,4.5,41.8,0.0,0.0,0.0,0.4 
Darren McFadden Dal,RB,Sun 3:25 pm vs NYG,Mariota Kart,16.0,7,36.68,12%,313,,0.0,0.0,0.0,39.3,169,1.2,15.7,12.5,98.7,0.4,0.0,0.0,0.3 
Mychal Rivera Oak,TE,Sun 12:00 pm @ NO,FA,16.0,10,36.65,0%,314,,0.0,0.0,0.0,0.0,0.0,0.0,34.2,24.4,245,2.0,0.0,0.0,0.2 
Braxton Miller Hou,WR,Sun 12:00 pm vs Chi,FA,16.0,9,35.89,5%,315,,0.0,0.0,0.0,8.2,53.7,0.2,31.3,19.3,212,1.3,0.0,0.0,0.2 
TJ Jones Det,WR,Sun 3:25 pm @ Ind,FA,16.0,10,35.62,0%,316,,0.0,0.0,0.0,0.0,0.0,0.0,33.7,19.0,240,1.6,0.3,0.0,0.1 
Quan Bray Ind,WR,Sun 3:25 pm vs Det,FA,16.0,10,35.41,0%,317,,0.0,0.0,0.0,0.0,0.0,0.0,27.7,17.1,232,1.4,0.7,0.0,0.1 
Leonte Carroo Mia,WR,Sun 3:05 pm @ Sea,FA,16.0,8,35.00,1%,318,,0.0,0.0,0.0,0.0,0.0,0.0,32.0,19.3,270,1.3,0.0,0.0,0.1 
Andre Holmes Oak,WR,Sun 12:00 pm @ NO,FA,16.0,10,34.94,0%,319,,0.0,0.0,0.0,0.0,0.0,0.0,34.2,20.7,248,1.7,0.0,0.0,0.1 
Ladarius Green Pit,TE,Mon 6:10 pm @ Was,FA,10.0,8,34.12,42%,295,,0.0,0.0,0.0,0.0,0.0,0.0,32.2,21.0,268,1.2,0.0,0.0,0.1 
Marqise Lee Jax,WR,Sun 12:00 pm vs GB,FA,16.0,5,33.57,1%,320,,0.0,0.0,0.0,3.8,19.3,0.1,30.7,16.4,219,1.5,0.0,0.0,0.1 
Tyler Ervin Hou,RB,Sun 12:00 pm vs Chi,FA,16.0,9,33.25,1%,321,,0.0,0.0,0.0,33.0,137,0.8,20.9,16.6,112,0.5,0.0,0.0,0.3 
Kenjon Barner Phi,RB,Sun 12:00 pm vs Cle,FA,16.0,4,33.22,2%,322,,0.0,0.0,0.0,51.8,217,1.4,5.5,4.1,25.4,0.0,0.1,0.0,0.4 
Corey Brown Car,WR,Thu 7:30 pm @ Den,FA,16.0,7,32.83,0%,324,,0.0,0.0,0.0,0.0,0.0,0.0,28.4,18.4,237,1.5,0.0,0.0,0.1 
Paxton Lynch Den,QB,Thu 7:30 pm vs Car,FA,16.0,11,32.59,2%,325,,524,2.3,2.5,8.3,35.7,0.2,0.0,0.0,0.0,0.0,0.0,0.1,0.6 
Quincy Enunwa NYJ,WR,Sun 12:00 pm vs Cin,FA,16.0,11,31.64,0%,326,,0.0,0.0,0.0,0.0,0.0,0.0,35.5,18.4,212,1.7,0.0,0.0,0.1 
Garrett Celek SF,TE,Mon 9:20 pm vs LA,FA,16.0,8,31.43,0%,327,,0.0,0.0,0.0,0.0,0.0,0.0,30.5,21.8,232,1.4,0.0,0.0,0.2 
DeAndre Smelter SF,WR,Mon 9:20 pm vs LA,FA,16.0,8,31.10,0%,328,,0.0,0.0,0.0,0.0,0.0,0.0,30.5,18.4,244,1.1,0.0,0.0,0.1 
Richard Rodgers GB,TE,Sun 12:00 pm @ Jax,TexasSucks,16.0,4,30.89,10%,329,,0.0,0.0,0.0,0.0,0.0,0.0,26.4,18.4,208,1.7,0.0,0.0,0.1 
Josh Huff Phi,WR,Sun 12:00 pm vs Cle,FA,16.0,4,30.13,0%,330,,0.0,0.0,0.0,0.0,0.0,0.0,27.4,19.3,216,1.1,0.3,0.0,0.1 
Wendell Smallwood Phi,RB,Sun 12:00 pm vs Cle,FA,16.0,4,29.20,2%,331,,0.0,0.0,0.0,47.8,185,1.3,5.5,4.3,27.3,0.0,0.0,0.0,0.3 
Jack Doyle Ind,TE,Sun 3:25 pm vs Det,FA,16.0,10,28.27,0%,332,,0.0,0.0,0.0,0.0,0.0,0.0,22.2,18.8,199,1.4,0.0,0.0,0.1 
Cameron Artis-Payne Car,RB,Thu 7:30 pm @ Den,FA,16.0,7,28.24,3%,333,,0.0,0.0,0.0,31.9,129,0.8,9.5,9.2,96.6,0.1,0.0,0.0,0.3 
Austin Hooper Atl,TE,Sun 12:00 pm vs TB,FA,16.0,11,28.06,1%,334,,0.0,0.0,0.0,0.0,0.0,0.0,28.6,19.4,205,1.2,0.0,0.0,0.2 
Jermaine Gresham Ari,TE,Sun 7:30 pm vs NE,FA,16.0,9,27.82,0%,335,,0.0,0.0,0.0,0.0,0.0,0.0,25.8,17.0,176,1.7,0.0,0.0,0.1 
Dexter McCluster Ten,RB,Sun 12:00 pm vs Min,FA,16.0,13,27.54,0%,336,,0.0,0.0,0.0,13.0,55.2,0.4,24.1,19.3,157,0.7,0.0,0.0,0.2 
Kenneth Dixon Bal,RB,Sun 12:00 pm vs Buf,FA,13.0,8,26.99,9%,337,,0.0,0.0,0.0,42.6,167,0.9,9.2,7.2,47.7,0.0,0.0,0.0,0.3 
Carson Wentz Phi,QB,Sun 12:00 pm vs Cle,FA,16.0,4,26.89,1%,338,,372,2.4,1.4,8.0,23.7,0.2,0.0,0.0,0.0,0.0,0.0,0.1,0.4 
DeAndrew White SF,WR,Mon 9:20 pm vs LA,FA,16.0,8,26.52,0%,380,,0.0,0.0,0.0,0.0,0.0,0.0,20.3,19.8,224,0.6,0.1,0.0,0.1 
Brian Quick LA,WR,Mon 9:20 pm @ SF,FA,16.0,8,25.20,0%,340,,0.0,0.0,0.0,0.0,0.0,0.0,32.2,19.5,193,1.0,0.0,0.0,0.1 
Luke Willson Sea,TE,Sun 3:05 pm vs Mia,FA,16.0,5,25.16,0%,341,,0.0,0.0,0.0,0.0,0.0,0.0,22.1,14.7,159,1.5,0.0,0.0,0.1 
Malcolm Mitchell NE,WR,Sun 7:30 pm @ Ari,FA,16.0,9,25.06,1%,343,,0.0,0.0,0.0,0.0,0.0,0.0,23.2,14.0,187,1.1,0.0,0.0,0.1 
Jeff Heuerman Den,TE,Thu 7:30 pm vs Car,FA,16.0,11,25.06,0%,342,,0.0,0.0,0.0,0.0,0.0,0.0,31.4,21.1,185,1.1,0.0,0.0,0.1 
Rashard Higgins Cle,WR,Sun 12:00 pm @ Phi,FA,16.0,13,24.91,0%,344,,0.0,0.0,0.0,0.0,0.0,0.0,23.2,14.0,186,1.0,0.0,0.0,0.1 
Tyler Higbee LA,TE,Mon 9:20 pm @ SF,FA,16.0,8,24.64,1%,345,,0.0,0.0,0.0,0.0,0.0,0.0,27.6,18.6,185,1.0,0.0,0.0,0.1 
Rod Streater KC,WR,Sun 12:00 pm vs SD,FA,16.0,5,24.56,0%,346,,0.0,0.0,0.0,0.0,0.0,0.0,17.9,17.5,212,0.6,0.0,0.0,0.1 
Ronnie Hillman Den,RB,Thu 7:30 pm vs Car,Angry Handies,16.0,11,24.50,5%,347,,0.0,0.0,0.0,29.0,118,0.8,15.7,11.5,64.9,0.2,0.0,0.0,0.3 
Dwayne Harris NYG,WR,Sun 3:25 pm @ Dal,FA,16.0,8,24.24,1%,348,,0.0,0.0,0.0,3.9,18.9,0.1,17.4,11.7,142,0.6,0.6,0.0,0.1 
Ed Dickson Car,TE,Thu 7:30 pm @ Den,FA,16.0,7,24.00,0%,349,,0.0,0.0,0.0,0.0,0.0,0.0,23.7,15.8,148,1.5,0.0,0.0,0.1 
Blake Bell SF,TE,Mon 9:20 pm vs LA,FA,16.0,8,23.35,0%,351,,0.0,0.0,0.0,0.0,0.0,0.0,25.4,17.0,166,1.1,0.0,0.0,0.1 
Darrius Heyward-Bey Pit,WR,Mon 6:10 pm @ Was,FA,16.0,8,23.31,0%,352,,0.0,0.0,0.0,0.0,0.0,0.0,22.9,12.9,175,1.0,0.0,0.0,0.1 
Fitzgerald Toussaint Pit,RB,Mon 6:10 pm @ Was,FA,16.0,8,23.09,0%,353,,0.0,0.0,0.0,27.9,101,1.3,8.7,6.8,49.1,0.0,0.0,0.0,0.2 
MyCole Pruitt Min,TE,Sun 12:00 pm @ Ten,FA,16.0,6,22.84,0%,350,,0.0,0.0,0.0,0.0,0.0,0.0,22.0,16.8,168,1.0,0.0,0.0,0.1 
Jared Goff LA,QB,Mon 9:20 pm @ SF,FA,16.0,8,22.28,6%,354,,294,1.2,1.2,14.3,42.4,0.4,0.0,0.0,0.0,0.0,0.0,0.0,0.4 
Ty Montgomery GB,WR,Sun 12:00 pm @ Jax,FA,16.0,4,22.27,1%,355,,0.0,0.0,0.0,3.9,16.7,0.1,15.9,13.0,165,0.6,0.0,0.0,0.1 
Trevone Boykin Sea,QB,Sun 3:05 pm vs Mia,FA,16.0,5,22.15,0%,356,,31.0,0.2,0.1,39.2,116,1.4,0.0,0.0,0.0,0.0,0.0,0.0,0.3 
Mike Gillislee Buf,RB,Sun 12:00 pm @ Bal,FA,16.0,10,21.85,1%,357,,0.0,0.0,0.0,25.8,115,0.8,8.7,7.2,52.5,0.0,0.0,0.0,0.2 
Cecil Shorts III Hou,WR,Sun 12:00 pm vs Chi,FA,16.0,9,21.81,1%,359,,0.0,0.0,0.0,0.0,0.0,0.0,20.9,13.1,170,0.7,0.0,0.0,0.1 
Jordan Norwood Den,WR,Thu 7:30 pm vs Car,FA,16.0,11,21.79,0%,358,,0.0,0.0,0.0,0.0,0.0,0.0,26.2,17.6,166,0.7,0.2,0.0,0.1 
Cody Latimer Den,WR,Thu 7:30 pm vs Car,FA,16.0,11,21.79,0%,360,,0.0,0.0,0.0,4.1,12.3,0.1,31.4,16.9,146,0.9,0.0,0.0,0.1 
Robert Turbin Ind,RB,Sun 3:25 pm vs Det,FA,16.0,10,21.54,1%,361,,0.0,0.0,0.0,27.9,110,0.6,11.1,8.6,60.7,0.2,0.0,0.0,0.2 
Kenyan Drake Mia,RB,Sun 3:05 pm @ Sea,FA,16.0,8,21.29,1%,362,,0.0,0.0,0.0,27.4,103,0.7,10.7,8.4,59.6,0.1,0.0,0.0,0.2 
Dontrelle Inman SD,WR,Sun 12:00 pm @ KC,FA,16.0,11,21.16,0%,363,,0.0,0.0,0.0,0.0,0.0,0.0,22.7,13.1,154,0.9,0.0,0.0,0.1 
Andrew Hawkins Cle,WR,Sun 12:00 pm @ Phi,FA,16.0,13,21.08,0%,364,,0.0,0.0,0.0,4.2,27.2,0.1,17.4,11.4,138,0.7,0.0,0.0,0.1 
Malcolm Brown LA,RB,Mon 9:20 pm @ SF,FA,16.0,8,20.65,0%,365,,0.0,0.0,0.0,22.4,91.3,0.6,9.2,8.9,73.9,0.0,0.0,0.0,0.2 
Rob Housler Chi,TE,Sun 12:00 pm @ Hou,FA,16.0,9,20.46,0%,366,,0.0,0.0,0.0,0.0,0.0,0.0,20.1,13.9,143,1.0,0.0,0.0,0.1 
C.J. Fiedorowicz Hou,TE,Sun 12:00 pm vs Chi,FA,16.0,9,20.43,0%,367,,0.0,0.0,0.0,0.0,0.0,0.0,20.9,15.3,140,1.1,0.0,0.0,0.1 
Josh Hill NO,TE,Sun 12:00 pm vs Oak,FA,16.0,5,20.40,0%,368,,0.0,0.0,0.0,0.0,0.0,0.0,24.0,13.6,117,1.4,0.0,0.0,0.1 
Marcel Reece Oak,RB,Sun 12:00 pm @ NO,FA,13.0,10,20.10,0%,369,,0.0,0.0,0.0,16.9,65.4,0.3,13.9,11.3,104,0.2,0.0,0.0,0.2 
Danny Amendola NE,WR,Sun 7:30 pm @ Ari,TexasSucks,16.0,9,19.94,6%,370,,0.0,0.0,0.0,4.0,17.4,0.1,11.6,9.2,123,0.3,0.6,0.0,0.1 
Marquess Wilson Chi,WR,Sun 12:00 pm @ Hou,FA,16.0,9,19.53,0%,371,,0.0,0.0,0.0,0.0,0.0,0.0,20.1,12.0,153,0.7,0.0,0.0,0.1 
Bennie Fowler Den,WR,Thu 7:30 pm vs Car,FA,16.0,11,19.40,0%,372,,0.0,0.0,0.0,0.0,0.0,0.0,20.9,14.9,164,0.5,0.0,0.0,0.1 
Trey Burton Phi,TE,Sun 12:00 pm vs Cle,FA,16.0,4,19.24,0%,373,,0.0,0.0,0.0,0.0,0.0,0.0,16.4,12.2,145,0.8,0.0,0.0,0.1 
C.J. Uzomah Cin,TE,Sun 12:00 pm @ NYJ,FA,16.0,9,19.17,0%,374,,0.0,0.0,0.0,0.0,0.0,0.0,12.1,11.8,96.4,1.6,0.0,0.0,0.1 
Dezmin Lewis Buf,WR,Sun 12:00 pm @ Bal,FA,16.0,10,18.74,0%,378,,0.0,0.0,0.0,0.0,0.0,0.0,35.6,21.5,86.0,1.7,0.0,0.0,0.1 
Dreamius Smith SD,RB,Sun 12:00 pm @ KC,FA,16.0,11,18.56,0%,375,,0.0,0.0,0.0,30.7,118,0.6,5.7,4.5,28.4,0.0,0.0,0.0,0.2 
Anthony Fasano Ten,TE,Sun 12:00 pm vs Min,FA,16.0,13,18.55,0%,376,,0.0,0.0,0.0,0.0,0.0,0.0,19.3,12.7,126,1.0,0.0,0.0,0.1 
Devin Smith NYJ,WR,Sun 12:00 pm vs Cin,FA,8.0,11,18.47,0%,377,,0.0,0.0,0.0,0.0,0.0,0.0,27.6,16.7,149,0.6,0.0,0.0,0.1 
Taiwan Jones Oak,RB,Sun 12:00 pm @ NO,FA,16.0,10,18.17,0%,379,,0.0,0.0,0.0,10.5,44.1,0.2,11.9,9.0,102,0.2,0.2,0.0,0.1 
Jared Abbrederis GB,WR,Sun 12:00 pm @ Jax,FA,16.0,4,17.99,1%,381,,0.0,0.0,0.0,0.0,0.0,0.0,15.9,10.1,144,0.6,0.0,0.0,0.1 
Fozzy Whittaker Car,RB,Thu 7:30 pm @ Den,Chaz's Crazy Team,16.0,7,17.85,0%,382,,0.0,0.0,0.0,18.2,75.3,0.5,9.5,7.9,58.4,0.1,0.2,0.0,0.2 
Charone Peake NYJ,WR,Sun 12:00 pm vs Cin,FA,16.0,11,17.69,0%,383,,0.0,0.0,0.0,0.0,0.0,0.0,17.8,10.7,138,0.6,0.0,0.0,0.1 
Mike Thomas LA,WR,Mon 9:20 pm @ SF,FA,16.0,8,16.83,0%,384,,0.0,0.0,0.0,0.0,0.0,0.0,18.4,11.1,142,0.4,0.0,0.0,0.1 
Andre Johnson Ten,WR,Sun 12:00 pm vs Min,FA,16.0,13,16.47,3%,386,,0.0,0.0,0.0,0.0,0.0,0.0,19.3,10.4,124,0.7,0.0,0.0,0.1 
Terron Ward Atl,RB,Sun 12:00 pm vs TB,FA,16.0,11,16.47,0%,385,,0.0,0.0,0.0,23.4,89.1,0.6,5.7,4.2,37.0,0.0,0.0,0.0,0.2 
Andre Williams NYG,RB,Sun 3:25 pm @ Dal,FA,16.0,8,16.35,0%,387,,0.0,0.0,0.0,23.6,91.3,0.7,5.8,4.6,30.4,0.0,0.0,0.0,0.2 
James Hanna Dal,TE,Sun 3:25 pm vs NYG,FA,16.0,7,16.26,0%,388,,0.0,0.0,0.0,0.0,0.0,0.0,15.0,9.7,108,0.9,0.0,0.0,0.1 
Marcedes Lewis Jax,TE,Sun 12:00 pm vs GB,FA,16.0,5,16.10,0%,389,,0.0,0.0,0.0,0.0,0.0,0.0,15.4,10.4,106,0.9,0.0,0.0,0.1 
Kenbrell Thompkins NYJ,WR,Sun 12:00 pm vs Cin,FA,16.0,11,15.44,0%,390,,0.0,0.0,0.0,0.0,0.0,0.0,17.8,9.6,104,0.6,0.2,0.0,0.1 
Rex Burkhead Cin,RB,Sun 12:00 pm @ NYJ,FA,16.0,9,14.63,0%,391,,0.0,0.0,0.0,4.1,12.8,0.1,14.5,9.6,108,0.3,0.0,0.0,0.1 
Kyle Juszczyk Bal,RB,Sun 12:00 pm vs Buf,FA,16.0,8,14.25,0%,392,,0.0,0.0,0.0,0.0,0.0,0.0,17.3,13.9,119,0.4,0.0,0.0,0.1 
Brice Butler Dal,WR,Sun 3:25 pm vs NYG,FA,16.0,7,13.62,1%,394,,0.0,0.0,0.0,0.0,0.0,0.0,15.0,8.0,105,0.5,0.0,0.0,0.1 
Matt Asiata Min,RB,Sun 12:00 pm @ Ten,FA,16.0,6,13.54,0%,393,,0.0,0.0,0.0,0.0,0.0,0.0,17.6,15.0,114,0.4,0.0,0.0,0.1 
Gavin Escobar Dal,TE,Sun 3:25 pm vs NYG,FA,16.0,7,13.44,0%,395,,0.0,0.0,0.0,0.0,0.0,0.0,15.0,9.3,79.5,0.9,0.0,0.0,0.1 
Michael Hoomanawanui NO,TE,Sun 12:00 pm vs Oak,FA,16.0,5,13.01,0%,396,,0.0,0.0,0.0,0.0,0.0,0.0,12.0,9.2,88.8,0.7,0.0,0.0,0.1 
Bryan Walters Jax,WR,Sun 12:00 pm vs GB,FA,16.0,5,12.82,0%,397,,0.0,0.0,0.0,0.0,0.0,0.0,10.2,8.2,117,0.2,0.0,0.0,0.0 
Brandon Coleman NO,WR,Sun 12:00 pm vs Oak,Mariota Kart,16.0,5,11.79,0%,400,,0.0,0.0,0.0,0.0,0.0,0.0,12.0,7.4,99.6,0.3,0.0,0.0,0.1 
Mike Davis SF,RB,Mon 9:20 pm vs LA,FA,16.0,8,11.78,0%,399,,0.0,0.0,0.0,20.2,66.4,0.5,5.1,2.9,20.0,0.0,0.0,0.0,0.2 
Jacquizz Rodgers Chi,RB,Sun 12:00 pm @ Hou,FA,16.0,9,11.54,0%,401,,0.0,0.0,0.0,13.5,51.5,0.4,10.1,5.1,34.6,0.1,0.0,0.0,0.1 
Tyler Gaffney NE,RB,Sun 7:30 pm @ Ari,FA,16.0,9,11.53,10%,402,,0.0,0.0,0.0,5.0,18.8,0.1,12.1,9.5,64.1,0.4,0.0,0.0,0.1 
Nick Williams Atl,WR,Sun 12:00 pm vs TB,FA,16.0,11,11.44,0%,403,,0.0,0.0,0.0,0.0,0.0,0.0,11.4,7.7,103,0.2,0.0,0.0,0.1 
Travaris Cadet NO,RB,Sun 12:00 pm vs Oak,FA,16.0,5,11.37,0%,404,,0.0,0.0,0.0,11.9,41.6,0.3,6.0,4.5,50.7,0.0,0.0,0.0,0.1 
Dion Sims Mia,TE,Sun 3:05 pm @ Sea,FA,16.0,8,11.29,0%,405,,0.0,0.0,0.0,0.0,0.0,0.0,11.3,7.9,78.9,0.6,0.0,0.0,0.1 
Jim Dray Buf,TE,Sun 12:00 pm @ Bal,FA,16.0,10,11.25,0%,406,,0.0,0.0,0.0,0.0,0.0,0.0,13.0,8.8,72.0,0.7,0.0,0.0,0.1 
Mack Brown Was,RB,Mon 6:10 pm vs Pit,FA,16.0,9,11.23,0%,434,,0.0,0.0,0.0,15.8,62.9,0.4,5.6,4.4,27.1,0.0,0.0,0.0,0.1 
Dwayne Washington Det,RB,Sun 3:25 pm @ Ind,FA,16.0,10,11.19,0%,407,,0.0,0.0,0.0,14.8,59.5,0.4,5.6,4.5,29.8,0.0,0.0,0.0,0.1 
Vernon Davis Was,TE,Mon 6:10 pm vs Pit,FA,16.0,9,10.87,1%,408,,0.0,0.0,0.0,0.0,0.0,0.0,11.1,7.7,74.1,0.6,0.0,0.0,0.1 
Dennis Pitta Bal,TE,Sun 12:00 pm vs Buf,FA,16.0,8,10.84,0%,409,,0.0,0.0,0.0,0.0,0.0,0.0,11.4,7.7,75.1,0.5,0.0,0.0,0.1 
Niles Paul Was,TE,Mon 6:10 pm vs Pit,FA,16.0,9,10.59,0%,410,,0.0,0.0,0.0,0.0,0.0,0.0,11.1,7.5,71.4,0.6,0.0,0.0,0.1 
Jeff Janis GB,WR,Sun 12:00 pm @ Jax,FA,16.0,4,10.45,1%,411,,0.0,0.0,0.0,0.0,0.0,0.0,9.9,6.4,84.9,0.2,0.2,0.0,0.0 
Jonathan Williams Buf,RB,Sun 12:00 pm @ Bal,FA,16.0,10,9.86,0%,412,,0.0,0.0,0.0,8.6,32.8,0.3,8.7,6.8,48.4,0.0,0.0,0.0,0.1 
Chris Moore Bal,WR,Sun 12:00 pm vs Buf,FA,16.0,8,9.83,0%,413,,0.0,0.0,0.0,0.0,0.0,0.0,11.3,6.8,85.4,0.2,0.0,0.0,0.0 
Lucky Whitehead Dal,WR,Sun 3:25 pm vs NYG,FA,16.0,7,9.74,0%,414,,0.0,0.0,0.0,3.9,24.1,0.1,5.0,4.2,30.2,0.0,0.6,0.0,0.1 
Tyler Varga Ind,RB,Sun 3:25 pm vs Det,FA,16.0,10,9.42,0%,416,,0.0,0.0,0.0,7.0,23.5,0.1,5.6,5.5,62.6,0.0,0.0,0.0,0.1 
Nick Vannett Sea,TE,Sun 3:05 pm vs Mia,FA,16.0,5,9.37,0%,417,,0.0,0.0,0.0,0.0,0.0,0.0,8.9,6.0,59.7,0.6,0.0,0.0,0.0 
Kelvin Taylor SF,RB,Mon 9:20 pm vs LA,FA,16.0,8,9.12,0%,418,,0.0,0.0,0.0,12.1,46.1,0.3,5.1,4.0,26.9,0.0,0.0,0.0,0.1 
Rhett Ellison Min,TE,Sun 12:00 pm @ Ten,FA,16.0,6,9.12,0%,415,,0.0,0.0,0.0,0.0,0.0,0.0,8.8,6.9,68.6,0.4,0.0,0.0,0.0 
Brandon Pettigrew Det,TE,Sun 3:25 pm @ Ind,FA,16.0,10,8.99,0%,419,,0.0,0.0,0.0,0.0,0.0,0.0,11.1,6.1,53.0,0.6,0.0,0.0,0.0 
Harry Douglas Ten,WR,Sun 12:00 pm vs Min,FA,16.0,13,8.98,0%,420,,0.0,0.0,0.0,0.0,0.0,0.0,9.7,5.0,57.2,0.1,0.4,0.0,0.0 
Ryan Grant Was,WR,Mon 6:10 pm vs Pit,FA,16.0,9,8.98,0%,421,,0.0,0.0,0.0,0.0,0.0,0.0,11.1,6.7,76.4,0.2,0.0,0.0,0.0 
Marcus Easley Buf,WR,Sun 12:00 pm @ Bal,FA,10.0,10,8.97,0%,398,,0.0,0.0,0.0,0.0,0.0,0.0,5.4,3.3,89.5,0.0,0.0,0.0,0.0 
Aaron Burbridge SF,WR,Mon 9:20 pm vs LA,FA,16.0,8,8.96,0%,448,,0.0,0.0,0.0,0.0,0.0,0.0,10.2,6.1,81.5,0.1,0.0,0.0,0.0 
Dres Anderson SF,WR,Mon 9:20 pm vs LA,FA,16.0,8,8.96,0%,447,,0.0,0.0,0.0,0.0,0.0,0.0,10.2,6.1,81.5,0.1,0.0,0.0,0.0 
Justin Hunter Ten,WR,Sun 12:00 pm vs Min,FA,16.0,13,8.94,0%,422,,0.0,0.0,0.0,0.0,0.0,0.0,9.7,6.7,81.4,0.1,0.0,0.0,0.0 
Landry Jones Pit,QB,Mon 6:10 pm @ Was,FA,16.0,8,8.91,0%,424,,147,0.8,0.4,0.0,0.0,0.0,0.0,0.0,0.0,0.0,0.0,0.0,0.1 
Raheem Mostert Cle,RB,Sun 12:00 pm @ Phi,FA,16.0,13,8.69,0%,425,,0.0,0.0,0.0,8.3,32.2,0.2,4.9,3.9,25.8,0.0,0.3,0.0,0.1 
Malcolm Johnson Cle,RB,Sun 12:00 pm @ Phi,FA,16.0,13,8.62,0%,426,,0.0,0.0,0.0,0.0,0.0,0.0,9.9,7.7,57.0,0.5,0.0,0.0,0.0 
Denard Robinson Jax,RB,Sun 12:00 pm vs GB,T.M.N. Bortles,16.0,5,8.61,1%,427,,0.0,0.0,0.0,7.5,30.5,0.2,5.1,3.8,32.6,0.0,0.2,0.0,0.1 
Jonathan Grimes Hou,RB,Sun 12:00 pm vs Chi,FA,16.0,9,8.14,0%,428,,0.0,0.0,0.0,8.2,35.7,0.2,5.2,4.3,33.4,0.0,0.0,0.0,0.1 
Jaron Brown Ari,WR,Sun 7:30 pm vs NE,FA,16.0,9,8.10,0%,429,,0.0,0.0,0.0,0.0,0.0,0.0,10.3,5.7,68.3,0.2,0.0,0.0,0.0 
Javontee Herndon SD,WR,Sun 12:00 pm @ KC,FA,16.0,11,7.98,0%,430,,0.0,0.0,0.0,0.0,0.0,0.0,5.7,4.2,48.2,0.0,0.5,0.0,0.0 
Brandon Tate Cin,WR,Sun 12:00 pm @ NYJ,FA,16.0,9,7.88,0%,432,,0.0,0.0,0.0,0.0,0.0,0.0,4.8,3.2,43.4,0.0,0.6,0.0,0.0 
Geno Smith NYJ,QB,Sun 12:00 pm vs Cin,FA,16.0,11,7.81,0%,433,,82.9,0.5,0.3,4.6,25.1,0.1,0.0,0.0,0.0,0.0,0.0,0.0,0.1 
Charles Johnson Min,WR,Sun 12:00 pm @ Ten,FA,16.0,6,7.67,1%,431,,0.0,0.0,0.0,0.0,0.0,0.0,8.8,6.1,72.0,0.1,0.0,0.0,0.0 
MarQuez North LA,WR,Mon 9:20 pm @ SF,FA,16.0,8,7.53,0%,435,,0.0,0.0,0.0,0.0,0.0,0.0,9.2,5.6,70.8,0.1,0.0,0.0,0.0 
Tyreek Hill KC,WR,Sun 12:00 pm vs SD,FA,16.0,5,7.51,0%,437,,0.0,0.0,0.0,0.0,0.0,0.0,9.0,5.4,69.6,0.1,0.0,0.0,0.0 
Demarcus Robinson KC,WR,Sun 12:00 pm vs SD,FA,16.0,5,7.51,0%,436,,0.0,0.0,0.0,0.0,0.0,0.0,9.0,5.4,69.6,0.1,0.0,0.0,0.0 
Devin Street Dal,WR,Sun 3:25 pm vs NYG,FA,16.0,7,7.42,0%,438,,0.0,0.0,0.0,0.0,0.0,0.0,10.0,5.5,63.3,0.2,0.0,0.0,0.0 
Aaron Ripkowski GB,RB,Sun 12:00 pm @ Jax,FA,16.0,4,7.40,0%,439,,0.0,0.0,0.0,0.0,0.0,0.0,5.3,5.1,73.9,0.0,0.0,0.0,0.0 
Patrick DiMarco Atl,RB,Sun 12:00 pm vs TB,FA,16.0,11,7.40,0%,440,,0.0,0.0,0.0,0.0,0.0,0.0,11.4,9.1,66.6,0.1,0.0,0.0,0.1 
Justin Perillo GB,TE,Sun 12:00 pm @ Jax,FA,16.0,4,7.18,0%,441,,0.0,0.0,0.0,0.0,0.0,0.0,5.3,4.4,55.0,0.3,0.0,0.0,0.0 
Troy Niklas Ari,TE,Sun 7:30 pm vs NE,FA,16.0,9,7.07,0%,442,,0.0,0.0,0.0,0.0,0.0,0.0,5.2,5.0,54.0,0.3,0.0,0.0,0.0 
Deonte Thompson Chi,WR,Sun 12:00 pm @ Hou,FA,16.0,9,7.04,0%,443,,0.0,0.0,0.0,0.0,0.0,0.0,5.0,3.4,60.0,0.0,0.2,0.0,0.0 
Tre McBride Ten,WR,Sun 12:00 pm vs Min,FA,16.0,13,7.01,0%,444,,0.0,0.0,0.0,0.0,0.0,0.0,14.5,7.2,46.1,0.4,0.0,0.0,0.0 
George Atkinson III Oak,RB,Sun 12:00 pm @ NO,FA,16.0,10,6.74,0%,446,,0.0,0.0,0.0,7.0,26.9,0.2,5.9,4.7,31.1,0.0,0.0,0.0,0.1 
Lee Smith Oak,TE,Sun 12:00 pm @ NO,FA,16.0,10,6.00,0%,450,,0.0,0.0,0.0,0.0,0.0,0.0,5.7,5.1,43.0,0.3,0.0,0.0,0.0 
Taylor Heinicke Min,QB,Sun 12:00 pm @ Ten,FA,16.0,6,5.97,0%,483,,31.6,0.2,0.1,8.8,26.8,0.2,0.0,0.0,0.0,0.0,0.0,0.0,0.1 
Jerell Adams NYG,TE,Sun 3:25 pm @ Dal,FA,16.0,8,5.88,0%,451,,0.0,0.0,0.0,0.0,0.0,0.0,5.8,3.9,41.1,0.3,0.0,0.0,0.0 
Griff Whalen Mia,WR,Sun 3:05 pm @ Sea,FA,16.0,8,5.70,0%,452,,0.0,0.0,0.0,0.0,0.0,0.0,5.3,4.0,56.8,0.0,0.0,0.0,0.0 
Michael Burton Det,RB,Sun 3:25 pm @ Ind,FA,16.0,10,5.57,0%,454,,0.0,0.0,0.0,3.7,11.5,0.1,5.6,5.5,39.2,0.0,0.0,0.0,0.1 
Zach Line Min,RB,Sun 12:00 pm @ Ten,FA,16.0,6,5.54,0%,453,,0.0,0.0,0.0,4.4,15.1,0.1,4.4,3.3,32.7,0.0,0.0,0.0,0.1 
Austin Johnson NO,RB,Sun 12:00 pm vs Oak,FA,16.0,5,5.34,0%,455,,0.0,0.0,0.0,4.0,14.9,0.1,6.0,4.7,32.1,0.0,0.0,0.0,0.1 
Knile Davis KC,RB,Sun 12:00 pm vs SD,FA,16.0,5,5.22,0%,456,,0.0,0.0,0.0,4.1,14.6,0.1,4.5,2.9,19.2,0.0,0.2,0.0,0.1 
Logan Paulsen Was,TE,Mon 6:10 pm vs Pit,FA,16.0,9,5.10,0%,457,,0.0,0.0,0.0,0.0,0.0,0.0,5.6,3.8,35.7,0.3,0.0,0.0,0.0 
Aaron Dobson NE,WR,Sun 7:30 pm @ Ari,FA,16.0,9,4.98,0%,459,,0.0,0.0,0.0,0.0,0.0,0.0,5.8,4.1,49.8,0.0,0.0,0.0,0.0 
Cordarrelle Patterson Min,WR,Sun 12:00 pm @ Ten,FA,16.0,6,4.95,0%,458,,0.0,0.0,0.0,0.0,0.0,0.0,4.4,4.3,37.9,0.0,0.2,0.0,0.0 
Jeff Cumberland SD,TE,Sun 12:00 pm @ KC,FA,16.0,11,4.95,0%,460,,0.0,0.0,0.0,0.0,0.0,0.0,5.7,3.8,32.7,0.3,0.0,0.0,0.0 
Nick O'Leary Buf,TE,Sun 12:00 pm @ Bal,FA,16.0,10,4.93,0%,461,,0.0,0.0,0.0,0.0,0.0,0.0,4.3,2.9,38.5,0.2,0.0,0.0,0.0 
Mike James TB,RB,Sun 12:00 pm @ Atl,FA,16.0,6,4.91,0%,462,,0.0,0.0,0.0,3.9,15.1,0.1,5.0,3.9,28.5,0.0,0.0,0.0,0.1 
Orleans Darkwa NYG,RB,Sun 3:25 pm @ Dal,FA,16.0,8,4.87,0%,463,,0.0,0.0,0.0,7.9,33.7,0.2,0.0,0.0,0.0,0.0,0.0,0.0,0.1 
Ben Braunecker Chi,TE,Sun 12:00 pm @ Hou,FA,16.0,9,4.84,0%,464,,0.0,0.0,0.0,0.0,0.0,0.0,5.0,3.5,35.7,0.2,0.0,0.0,0.0 
Roger Lewis NYG,WR,Sun 3:25 pm @ Dal,FA,16.0,8,4.74,0%,465,,0.0,0.0,0.0,0.0,0.0,0.0,5.8,3.5,47.3,0.0,0.0,0.0,0.0 
Jordan Payton Cle,WR,Sun 12:00 pm @ Phi,FA,16.0,13,4.67,0%,466,,0.0,0.0,0.0,0.0,0.0,0.0,5.8,3.5,46.6,0.0,0.0,0.0,0.0 
Luke Stocker TB,TE,Sun 12:00 pm @ Atl,FA,16.0,6,4.65,0%,467,,0.0,0.0,0.0,0.0,0.0,0.0,5.0,3.7,32.7,0.2,0.0,0.0,0.0 
Erik Swoope Ind,TE,Sun 3:25 pm vs Det,FA,16.0,10,4.55,0%,468,,0.0,0.0,0.0,0.0,0.0,0.0,5.6,3.8,27.7,0.3,0.0,0.0,0.0 
Trevor Davis GB,WR,Sun 12:00 pm @ Jax,FA,16.0,4,4.52,0%,469,,0.0,0.0,0.0,0.0,0.0,0.0,5.3,3.2,45.1,0.0,0.0,0.0,0.0 
Cardale Jones Buf,QB,Sun 12:00 pm @ Bal,FA,16.0,10,4.50,0%,470,,29.9,0.2,0.1,6.5,18.9,0.1,0.0,0.0,0.0,0.0,0.0,0.0,0.1 
Geremy Davis NYG,WR,Sun 3:25 pm @ Dal,FA,16.0,8,4.49,0%,471,,0.0,0.0,0.0,0.0,0.0,0.0,5.8,3.8,44.8,0.0,0.0,0.0,0.0 
Kolby Listenbee Buf,WR,Sun 12:00 pm @ Bal,FA,10.0,10,4.49,0%,449,,0.0,0.0,0.0,0.0,0.0,0.0,5.4,3.3,44.7,0.0,0.0,0.0,0.0 
Keshawn Martin NE,WR,Sun 7:30 pm @ Ari,A Little Willly Pete,16.0,9,4.49,0%,472,,0.0,0.0,0.0,0.0,0.0,0.0,5.8,3.8,44.9,0.0,0.0,0.0,0.0 
Colt McCoy Was,QB,Mon 6:10 pm vs Pit,FA,16.0,9,4.46,0%,473,,50.5,0.3,0.1,3.9,10.5,0.1,0.0,0.0,0.0,0.0,0.0,0.0,0.1 
Kenny Bell TB,WR,Sun 12:00 pm @ Atl,FA,16.0,6,4.35,0%,474,,0.0,0.0,0.0,0.0,0.0,0.0,5.0,3.1,43.4,0.0,0.0,0.0,0.0 
Alex Collins Sea,RB,Sun 3:05 pm vs Mia,FA,16.0,5,4.33,0%,475,,0.0,0.0,0.0,3.9,14.9,0.1,4.4,3.5,22.7,0.0,0.0,0.0,0.1 
Stepfan Taylor Ari,RB,Sun 7:30 pm vs NE,FA,16.0,9,4.25,0%,477,,0.0,0.0,0.0,4.3,16.4,0.1,5.2,2.6,19.9,0.0,0.0,0.0,0.0 
Asante Cleveland SD,TE,Sun 12:00 pm @ KC,FA,16.0,11,4.24,0%,478,,0.0,0.0,0.0,0.0,0.0,0.0,5.7,4.0,25.7,0.3,0.0,0.0,0.0 
Brian Hoyer Chi,QB,Sun 12:00 pm @ Hou,ChrisCartersFallGuys,16.0,9,4.22,1%,479,,37.4,0.2,0.1,4.5,17.4,0.0,0.0,0.0,0.0,0.0,0.0,0.0,0.1 
Taylor Gabriel Cle,WR,Sun 12:00 pm @ Phi,FA,16.0,13,4.15,0%,480,,0.0,0.0,0.0,0.0,0.0,0.0,5.8,3.3,38.9,0.0,0.0,0.0,0.0 
AJ McCarron Cin,QB,Sun 12:00 pm @ NYJ,FA,16.0,9,4.13,0%,481,,39.3,0.3,0.1,4.4,14.2,0.0,0.0,0.0,0.0,0.0,0.0,0.0,0.1 
Adam Thielen Min,WR,Sun 12:00 pm @ Ten,FA,16.0,6,4.13,0%,476,,0.0,0.0,0.0,0.0,0.0,0.0,4.4,3.5,41.0,0.0,0.0,0.0,0.0 
James O'Shaughnessy KC,TE,Sun 12:00 pm vs SD,FA,16.0,5,4.12,0%,482,,0.0,0.0,0.0,0.0,0.0,0.0,4.5,2.9,30.8,0.2,0.0,0.0,0.0 
Kellen Clemens SD,QB,Sun 12:00 pm @ KC,FA,16.0,11,4.07,0%,508,,51.0,0.3,0.1,3.8,9.8,0.0,0.0,0.0,0.0,0.0,0.0,0.0,0.1 
Matt Schaub Atl,QB,Sun 12:00 pm vs TB,FA,16.0,11,4.03,0%,484,,45.2,0.2,0.2,4.0,14.3,0.0,0.0,0.0,0.0,0.0,0.0,0.0,0.1 
Cody Core Cin,WR,Sun 12:00 pm @ NYJ,FA,16.0,9,4.01,0%,485,,0.0,0.0,0.0,0.0,0.0,0.0,4.8,3.0,40.1,0.0,0.0,0.0,0.0 
Kellen Davis NYJ,TE,Sun 12:00 pm vs Cin,FA,16.0,11,4.00,0%,486,,0.0,0.0,0.0,0.0,0.0,0.0,5.5,3.7,25.5,0.2,0.0,0.0,0.0 
Matt Moore Mia,QB,Sun 3:05 pm @ Sea,FA,16.0,8,3.96,0%,487,,52.4,0.2,0.1,3.9,10.0,0.0,0.0,0.0,0.0,0.0,0.0,0.0,0.1 
Jalston Fowler Ten,RB,Sun 12:00 pm vs Min,FA,16.0,13,3.86,0%,488,,0.0,0.0,0.0,0.0,0.0,0.0,4.8,4.7,38.4,0.0,0.0,0.0,0.0 
John Phillips Den,TE,Thu 7:30 pm vs Car,FA,16.0,11,3.82,0%,514,,0.0,0.0,0.0,0.0,0.0,0.0,5.2,3.6,29.1,0.1,0.0,0.0,0.0 
Chad Henne Jax,QB,Sun 12:00 pm vs GB,FA,16.0,5,3.72,0%,489,,36.0,0.3,0.2,4.1,12.3,0.0,0.0,0.0,0.0,0.0,0.0,0.0,0.1 
Antonio Andrews Ten,RB,Sun 12:00 pm vs Min,EanTop/WillisBottom,16.0,13,3.67,0%,490,,0.0,0.0,0.0,4.3,17.3,0.1,0.0,0.0,0.0,0.0,0.2,0.0,0.0 
Joshua Bellamy Chi,WR,Sun 12:00 pm @ Hou,FA,16.0,9,3.58,0%,491,,0.0,0.0,0.0,0.0,0.0,0.0,5.0,2.9,35.8,0.0,0.0,0.0,0.0